Orthogroup	s_cerevisiae_proteins	schizo_pombe_proteins
OG0000000	rna708, rna3426, rna1500, rna5234, rna3049, rna3909, rna1856, rna4477, rna1294, rna1295, rna2676, rna3045, rna5252, rna2677, rna1296, rna2678	rna3181, rna43, rna5040, rna5763, rna5776, rna3119, rna5766, rna5774
OG0000001	rna1504, rna528, rna3763, rna2520, rna2525	rna4637
OG0000002	rna1489, rna5257, rna2166, rna2049	rna3266, rna1626
OG0000004	rna2975, rna3038, rna1089, rna3949, rna3950	rna6152, rna1861
OG0000006	rna3233	rna653
OG0000006	rna3803, rna66, rna1699, rna138	rna6719, rna1267
OG0000007	rna4562, rna5324, rna4800, rna365	rna6457
OG0000008	rna523, rna2512, rna2509, rna2818, rna3044, rna5251, rna3048	rna3177
OG0000011	rna915, rna317, rna100, rna2809, rna318	rna5608, rna3357, rna4384
OG0000012	rna6105, rna6106	rna2339
OG0000013	rna226, rna5127	rna3861, rna5095, rna2615
OG0000013	rna3604	rna5103
OG0000015	rna4803, rna2240, rna4199	rna4439, rna2722, rna1709, rna6829
OG0000016	rna3208, rna2415, rna3274	rna3437, rna4697
OG0000017	rna5405, rna4473, rna4474	rna1697, rna591, rna6552, rna3114, rna24, rna589
OG0000020	rna5912	rna5970, rna4910
OG0000020	rna1388, rna4449	rna835
OG0000021	rna2294, rna3960, rna3874	rna330, rna1776
OG0000023	rna2765, rna5921	rna85, rna93
OG0000024	rna878, rna5150, rna4033	rna1816
OG0000025	rna621, rna971, rna272	rna5967
OG0000028	rna3926, rna5749	rna3189, rna6462, rna5668, rna68
OG0000030	rna5019, rna699, rna4320	rna1627
OG0000031	rna4794, rna360	rna2266
OG0000032	rna3760, rna3782, rna2529	rna2444, rna2483
OG0000033	rna225, rna5128	rna3860, rna5097, rna2614
OG0000034	rna6090, rna599, rna5159	rna1286
OG0000035	rna1322, rna5535	rna5598, rna2876
OG0000038	rna5646, rna5645, rna5954	rna5699
OG0000039	rna6018, rna1631	rna3497, rna1939
OG0000040	rna2057, rna5086	rna5692, rna1259
OG0000041	rna307, rna2427	rna3471, rna5052
OG0000042	rna2293, rna6086	rna5833
OG0000043	rna214, rna1171	rna6366, rna2261
OG0000045	rna5884, rna2526	rna3726
OG0000046	rna5705, rna2864	rna6788, rna2839
OG0000047	rna5353, rna6209, rna5832	rna5178, rna6019, rna5176
OG0000048	rna5699, rna5700	rna2143
OG0000049	rna2926, rna1660	rna2356
OG0000050	rna5414, rna1441	rna4494
OG0000051	rna709, rna3425, rna1809, rna4828	rna6609
OG0000052	rna741	rna65, rna1640
OG0000053	rna679, rna3873	rna3536
OG0000054	rna815, rna767	rna5080
OG0000059	rna3085	rna1714
OG0000060	rna5733, rna2985, rna4739	rna4107, rna4740
OG0000061	rna1475, rna3105	rna5962
OG0000062	rna4896, rna4928	rna6293
OG0000064	rna1825, rna4537	rna2361
OG0000065	rna1170, rna215	rna6367
OG0000066	rna758, rna808	rna4648
OG0000067	rna6005	rna31, rna3094
OG0000068	rna3695	rna2094, rna3062, rna3153, rna3157, rna5612, rna3045
OG0000069	rna4405, rna2810, rna4293	rna4073
OG0000070	rna340, rna6165	rna5789, rna3469, rna2283, rna4579, rna2956
OG0000071	rna2624, rna3496	rna4470
OG0000072	rna1446, rna5305	rna770, rna1473
OG0000073	rna5232, rna950	rna6012, rna1650
OG0000074	rna4654, rna4653	rna3060
OG0000075	rna1531, rna3312	rna6106, rna1907, rna1971
OG0000076	rna5524, rna5046	rna1095, rna3541, rna5046
OG0000078	rna4575, rna1808, rna4827	rna3012
OG0000079	rna1372, rna1516	rna5969, rna6002
OG0000080	rna41, rna5740	rna6816, rna4802
OG0000081	rna6056, rna2196	rna6049, rna2167
OG0000082	rna2484	rna78, rna1005
OG0000083	rna4309, rna4385	rna5400, rna2412
OG0000084	rna4302, rna4397	rna100, rna486
OG0000085	rna4582, rna3530	rna4114, rna1911
OG0000086	rna3647, rna2565	rna4629
OG0000087	rna3056, rna2860	rna3555, rna5506
OG0000088	rna5349, rna918	rna5382, rna2419
OG0000089	rna4712, rna5695	rna6619, rna641
OG0000090	rna2940, rna1645	rna5048, rna3046
OG0000091	rna5189, rna670	rna1086, rna2832
OG0000092	rna5502, rna5065	rna5928, rna1617
OG0000093	rna1040, rna1772	rna129, rna2710
OG0000094	rna689, rna5207	rna3275, rna3930
OG0000095	rna5803, rna4820, rna5811, rna1483	rna2358, rna5664, rna81, rna3484, rna69
OG0000097	rna3027, rna239	rna1012, rna3026
OG0000098	rna5435, rna1898	rna6421, rna233
OG0000099	rna4679, rna5844	rna6783, rna2874
OG0000100	rna4004, rna4008, rna4015, rna4019, rna1273	rna3124, rna29, rna3140, rna3085
OG0000101	rna6252, rna2356	rna1400, rna2009
OG0000102	rna3355, rna6133	rna3652, rna5422
OG0000103	rna2908, rna5129	rna3272, rna3916
OG0000104	rna2173, rna2363	rna5727, rna1831
OG0000105	rna3128, rna3705	rna152, rna1571
OG0000107	rna141, rna1698	rna469, rna2391
OG0000109	rna5750, rna36	rna5860, rna2918
OG0000110	rna3677, rna3175	rna3447, rna4789
OG0000111	rna727, rna4958	rna5741, rna5993
OG0000112	rna3708, rna3122	rna1451
OG0000116	rna1365, rna5571	rna493
OG0000117	rna5601, rna4150	rna5578
OG0000118	rna2003	rna693, rna6922, rna3278
OG0000119	rna4858, rna5290	rna185
OG0000120	rna4863, rna5293	rna5885
OG0000121	rna5498, rna3745	rna592
OG0000123	rna4792, rna2495	rna6896, rna4706
OG0000124	rna3416, rna2796	rna3354
OG0000125	rna1608, rna1995	rna6805
OG0000126	rna5871, rna2065	rna2353
OG0000127	rna2069, rna5872	rna5961, rna4845
OG0000128	rna4294, rna4404	rna4729
OG0000129	rna2229, rna4192	rna3813, rna2348
OG0000130	rna248, rna951	rna4319, rna5160
OG0000132	rna2278, rna4230	rna6279, rna2829
OG0000133	rna381, rna6035	rna6692
OG0000134	rna4317, rna6268	rna2776
OG0000135	rna4584, rna3525	rna4693
OG0000136	rna3333, rna3452	rna3613, rna4853
OG0000138	rna550, rna1470	rna6626
OG0000139	rna1465, rna556	rna1483
OG0000140	rna1463, rna560	rna2383
OG0000141	rna1454, rna4036	rna5078
OG0000142	rna4039, rna1451	rna5458
OG0000143	rna1450, rna4042	rna1056
OG0000145	rna5317, rna367	rna2495
OG0000146	rna921, rna94	rna4086
OG0000147	rna4155, rna5606	rna5088
OG0000148	rna437, rna2147	rna3629
OG0000149	rna441, rna2141	rna4348
OG0000150	rna4782, rna4340	rna4145
OG0000151	rna1647, rna2941	rna4975
OG0000152	rna5193, rna671	rna5998
OG0000153	rna654, rna5182	rna480
OG0000154	rna5178, rna651	rna6913, rna1272
OG0000156	rna5860, rna4670	rna6172
OG0000157	rna4662, rna5868	rna6047
OG0000158	rna4066, rna792	rna6272
OG0000159	rna5418, rna1509	rna1421, rna2823
OG0000160	rna3675, rna3176	rna498
OG0000161	rna3177, rna3674	rna3958, rna2948
OG0000162	rna255, rna242	rna3515
OG0000163	rna1725, rna2018	rna135, rna1557
OG0000164	rna5630, rna5963	rna484
OG0000165	rna5642, rna5957	rna295
OG0000166	rna4167	rna6563, rna4656
OG0000167	rna1197, rna6055	rna2707
OG0000168	rna5523, rna5047	rna4631
OG0000169	rna64, rna5433	rna971
OG0000170	rna2317, rna6206	rna3343, rna1513
OG0000171	rna2345, rna6238	rna3407
OG0000172	rna3957, rna1091	rna1820
OG0000173	rna1092, rna3959	rna1279
OG0000174	rna1095, rna3962	rna5072
OG0000175	rna4093, rna1145	rna4156
OG0000176	rna850, rna851	rna643
OG0000177	rna2351, rna6244	rna3741
OG0000178	rna4246, rna882	rna3399
OG0000179	rna5276, rna1816	rna3854, rna1996
OG0000180	rna195, rna5227, rna2817, rna3043	rna5552
OG0000181	rna837, rna2060	rna1431
OG0000182	rna1279, rna2663	rna4972
OG0000183	rna5328, rna361	rna3624
OG0000184	rna5900, rna2122	rna188
OG0000185	rna1682, rna1599	rna5047
OG0000186	rna1692, rna150	rna6506, rna127
OG0000187	rna1694, rna146	rna4767
OG0000188	rna1708, rna130	rna5579
OG0000189	rna2688, rna1305	rna5471
OG0000190	rna860, rna4627	rna1928
OG0000191	rna5988, rna393	rna2705
OG0000192	rna5987, rna390	rna1054
OG0000193	rna3194, rna501	rna5997
OG0000194	rna1425, rna5436	rna4593
OG0000195	rna3686, rna3153	rna2811
OG0000196	rna2100, rna466	rna5877
OG0000197	rna2292, rna6186	rna4347, rna1867
OG0000198	rna5731, rna4736	rna1193
OG0000199	rna1047, rna1784	rna1889, rna1993
OG0000200	rna3162, rna3685	rna6480
OG0000202	rna48, rna5736	rna1850
OG0000203	rna5457, rna1221	rna6460, rna931
OG0000204	rna1526, rna3314	rna1983
OG0000205	rna1533, rna3311	rna6534
OG0000206	rna4603, rna3857	rna6134
OG0000207	rna1055, rna3911	rna5091
OG0000208	rna1059, rna3917	rna3349
OG0000209	rna516, rna3920	rna4172, rna3072
OG0000210	rna3924, rna1070	rna4634
OG0000211	rna5587, rna4127	rna4752
OG0000212	rna4116, rna5585	rna1427
OG0000213	rna5034, rna2699	rna1356
OG0000214	rna5342, rna906	rna180
OG0000215	rna4520, rna4519	rna2938
OG0000216	rna5799, rna1946	rna3108, rna5627, rna18
OG0000218	rna4829, rna710, rna703, rna3424	rna6850, rna5391
OG0000222	rna605, rna5162	rna819
OG0000223	rna1807, rna4826, rna4574	rna527
OG0000224	rna1621, rna1981	rna2609
OG0000227	rna2382, rna2155	rna2501
OG0000228	rna2467, rna2747	rna126
OG0000229	rna2746, rna2466	rna4940
OG0000230	rna2675, rna1293	rna4592
OG0000231	rna2203, rna72	rna4195
OG0000232	rna2759, rna2478	rna3126, rna4353
OG0000233	rna4438, rna1402	rna4038
OG0000234	rna1404, rna4437	rna6732
OG0000237	rna875, rna4258	rna6544, rna1161
OG0000238	rna2785, rna2786	rna1217
OG0000239	rna3397, rna4376	rna4823
OG0000240	rna4310, rna4384	rna6444
OG0000241	rna4208, rna2247	rna3518
OG0000242	rna339, rna6161	rna4576
OG0000243	rna328, rna2275	rna1084
OG0000244	rna6260	rna1175, rna2355
OG0000245	rna2338, rna6234	rna3519
OG0000246	rna2332, rna6226	rna951
OG0000247	rna3519, rna4596	rna881
OG0000248	rna4590, rna3522	rna3668
OG0000250	rna561, rna1462	rna2081, rna2716
OG0000252	rna2739, rna4903	rna1386
OG0000256	rna1247, rna2609	rna1116
OG0000257	rna4633	rna5535
OG0000258	rna204, rna2183	rna567
OG0000260	rna1349, rna5431	rna6259
OG0000261	rna1041, rna1775	rna3947
OG0000262	rna4184, rna2214	rna145
OG0000265	rna4769, rna4349	rna2544
OG0000266	rna4765, rna4352	rna3790
OG0000268	rna3908, rna1818	rna4633
OG0000271	rna1937, rna1951	rna269
OG0000272	rna5853, rna4673	rna2180
OG0000273	rna2763, rna1569	rna218
OG0000275	rna4025, rna1123	rna4249
OG0000276	rna1132, rna4029	rna3584
OG0000277	rna723, rna4949	rna3716
OG0000278	rna2531, rna3784	rna4255
OG0000279	rna1342, rna5548	rna5926, rna1619, rna5392
OG0000280	rna107, rna6124	rna348
OG0000281	rna126, rna1713	rna3396
OG0000282	rna1014, rna1746	rna4117
OG0000283	rna4600, rna3511	rna5724
OG0000284	rna801	rna6499, rna122
OG0000285	rna2462, rna2743	rna6617
OG0000286	rna941, rna217	rna3215
OG0000287	rna928, rna232	rna6549
OG0000288	rna3634, rna3032	rna2300
OG0000289	rna5903, rna2120	rna275
OG0000291	rna1695, rna145	rna6778
OG0000292	rna1701, rna135	rna2795
OG0000293	rna1309, rna2690	rna4948
OG0000295	rna1538, rna3310	rna4664, rna2309
OG0000297	rna6001	rna3146, rna3147, rna3148, rna3149
OG0000298	rna9, rna5787	rna6370
OG0000302	rna2881, rna5105	rna2674
OG0000303	rna5107, rna2885	rna2542
OG0000304	rna2859, rna5084	rna5504
OG0000306	rna762, rna811	rna4399, rna1456
OG0000307	rna2913, rna774	rna3644
OG0000310	rna4634, rna856	rna747
OG0000312	rna5367, rna56	rna610
OG0000314	rna4745, rna3732	rna6354
OG0000315	rna1011, rna1741	rna2290
OG0000317	rna902, rna5340	rna5145
OG0000318	rna3817, rna3847	rna303
OG0000321	rna3858, rna4604	rna6744, rna1215
OG0000323	rna3691, rna3146	rna954
OG0000326	rna2548, rna3614	rna2303
OG0000330	rna4995, rna2714	rna690
OG0000334	rna3751, rna2840	rna6445
OG0000342	rna559, rna1464	rna2439
OG0000343	rna3393	rna3430
OG0000344	rna4225, rna3070	rna639, rna826
OG0000345	rna6213	rna2366, rna1922, rna6350, rna2482
OG0000346	rna5711, rna4724	rna6605
OG0000354	rna5053, rna5517	rna1111
OG0000355	rna4804	rna2720
OG0000360	rna3421	rna6516
OG0000361	rna3220, rna3505	rna2114
OG0000362	rna584, rna5155	rna1940, rna4258, rna2800
OG0000363	rna2711	rna5415
OG0000365	rna2350, rna6242	rna3514
OG0000366	rna3370, rna172	rna669
OG0000367	rna4360, rna4755	rna1603, rna2670
OG0000368	rna6071, rna1864	rna2917
OG0000369	rna2736, rna2454	rna1585
OG0000370	rna5450, rna1215	rna314
OG0000371	rna5449	rna4549
OG0000374	rna1684, rna156	rna6624, rna452
OG0000376	rna1543, rna3307	rna948
OG0000377	rna1551, rna3294	rna5287
OG0000380	rna5096, rna2876	rna2583
OG0000381	rna268, rna965	rna3205, rna2673
OG0000383	rna4697, rna5175	rna694
OG0000384	rna4734, rna5728	rna790, rna1864
OG0000388	rna2697, rna5038	rna1305
OG0000389	rna5716, rna4728	rna5245
OG0000390	rna6044, rna3568	rna5954, rna2865
OG0000393	rna224	rna4905, rna2489
OG0000397	rna2481, rna2769	rna3230
OG0000398	rna1560, rna626	rna3778
OG0000400	rna6166, rna343	rna1572
OG0000403	rna2918, rna1675	rna5895
OG0000405	rna1260, rna2646	rna1338
OG0000406	rna5861	rna1433
OG0000408	rna1043, rna1780	rna5333
OG0000409	rna3775	rna6727, rna3142
OG0000410	rna3438	rna70, rna73
OG0000411	rna707, rna3427	rna3267
OG0000414	rna1346	rna4512
OG0000416	rna3034, rna3035	rna4859
OG0000417	rna6113	rna3194, rna3036
OG0000418	rna984, rna982, rna983	rna3458
OG0000419	rna4569	rna3609
OG0000420	rna949, rna238	rna5624
OG0000424	rna4336	rna6067, rna2430, rna3168, rna5607
OG0000426	rna3512	rna5947
OG0000427	rna695	rna3298
OG0000428	rna5603	rna4136
OG0000429	rna3939	rna5715
OG0000430	rna5158	rna6020
OG0000431	rna2826	rna6540, rna1891
OG0000432	rna2790	rna1999, rna5617, rna3032
OG0000434	rna4298	rna5257
OG0000436	rna329	rna4403, rna1742
OG0000437	rna4725	rna4659
OG0000438	rna3441	rna5199, rna1139
OG0000439	rna4142	rna1844
OG0000440	rna1858	rna3932, rna3212, rna3213
OG0000441	rna510	rna824
OG0000442	rna299, rna998	rna854
OG0000443	rna1770	rna3646, rna1210, rna2990
OG0000444	rna4812	rna1625, rna3473, rna2307
OG0000445	rna2136	rna4867
OG0000446	rna1897	rna1457, rna1743
OG0000447	rna4966	rna5930, rna5310
OG0000448	rna2619	rna4505, rna1206
OG0000449	rna4329	rna6559, rna4646
OG0000450	rna3390	rna1945, rna2037
OG0000451	rna4677	rna5641, rna459
OG0000452	rna2996	rna6415, rna803, rna1166
OG0000454	rna3022	rna959, rna2329
OG0000455	rna3015	rna5593
OG0000457	rna2956	rna3964, rna4083
OG0000459	rna122	rna5558, rna1909
OG0000461	rna6112	rna1944
OG0000462	rna864	rna6917, rna1505
OG0000463	rna2883	rna533, rna715
OG0000465	rna2009	rna3039
OG0000466	rna996	rna6267, rna4869
OG0000467	rna4103	rna2592
OG0000468	rna981	rna4337
OG0000469	rna1299, rna2679	rna6912
OG0000470	rna1846	rna6056, rna6500, rna251
OG0000471	rna4521	rna2416, rna4264, rna5385
OG0000472	rna1503, rna6288	rna994
OG0000476	rna3037	rna1752
OG0000477	rna1988	rna3411, rna4074
OG0000478	rna1367	rna4529, rna510
OG0000479	rna1747	rna2360
OG0000480	rna19	rna4849, rna32
OG0000481	rna5737	rna4132, rna2125
OG0000482	rna1162	rna4324
OG0000483	rna4148	rna918
OG0000484	rna4153	rna3645
OG0000486	rna2195	rna2471
OG0000487	rna2468	rna6780, rna655
OG0000488	rna3715	rna5869, rna1593
OG0000489	rna629	rna5045
OG0000490	rna3088	rna6232, rna3007
OG0000491	rna1290	rna64, rna6231, rna2195
OG0000492	rna5490	rna3639, rna2072
OG0000493	rna3738	rna3642, rna1547
OG0000494	rna2591	rna3279, rna5566
OG0000495	rna2202	rna3207, rna2604
OG0000496	rna2190	rna418, rna1837
OG0000497	rna2492	rna3900, rna1692
OG0000498	rna2795	rna6708, rna5164
OG0000499	rna607	rna5456
OG0000500	rna3272	rna1783
OG0000501	rna1381	rna221, rna1129
OG0000502	rna4456	rna4636
OG0000503	rna4453	rna877
OG0000504	rna4447	rna4890
OG0000505	rna4433	rna3527, rna605
OG0000506	rna1407	rna2545, rna2897
OG0000507	rna4265	rna864
OG0000508	rna872	rna5904, rna6823
OG0000509	rna4260	rna2464
OG0000510	rna3411	rna5556
OG0000511	rna4395	rna4562
OG0000512	rna4396	rna724
OG0000513	rna4291	rna4556, rna1832
OG0000514	rna3555	rna815
OG0000515	rna3556	rna5977
OG0000516	rna1906	rna2655
OG0000518	rna260	rna3372
OG0000519	rna5802, rna5812	rna3125, rna28
OG0000520	rna250	rna2796
OG0000521	rna3093	rna2914
OG0000522	rna3094	rna3884, rna5537
OG0000523	rna2270	rna208
OG0000524	rna5706	rna5950, rna2842
OG0000525	rna338	rna6452, rna471
OG0000526	rna332	rna794
OG0000527	rna6153	rna5371
OG0000528	rna6033	rna1512
OG0000529	rna3029	rna6729, rna2364
OG0000530	rna6151	rna5347
OG0000531	rna6141	rna763
OG0000532	rna311	rna3895
OG0000533	rna4589	rna3643
OG0000534	rna5712	rna5273, rna2933
OG0000535	rna3653	rna339
OG0000536	rna3561	rna5438
OG0000537	rna554	rna166
OG0000539	rna4890	rna164, rna2681
OG0000540	rna3055	rna3849
OG0000541	rna3064	rna6097, rna6875
OG0000542	rna637	rna1567
OG0000543	rna636	rna2818
OG0000544	rna920	rna5098
OG0000545	rna923	rna4921, rna5271
OG0000546	rna4154	rna697, rna945
OG0000547	rna5412	rna4493, rna3708, rna1194
OG0000548	rna1357	rna3178, rna1295
OG0000549	rna5188	rna3703, rna2432
OG0000550	rna5185	rna6674, rna1533
OG0000551	rna663	rna3920, rna4885
OG0000552	rna657	rna3591, rna3844
OG0000553	rna656	rna6420
OG0000554	rna5667	rna6496
OG0000555	rna1240	rna5996, rna4901
OG0000556	rna3231	rna4327, rna1535
OG0000557	rna364	rna2611
OG0000558	rna3602	rna6085
OG0000559	rna3599	rna3433
OG0000560	rna4502	rna6065, rna144
OG0000561	rna5283	rna3225
OG0000563	rna5515	rna6469, rna4717
OG0000564	rna5509	rna391, rna617
OG0000565	rna2289	rna734
OG0000566	rna6180	rna1387, rna2887
OG0000567	rna798	rna701, rna2734
OG0000569	rna4063	rna3990, rna2758
OG0000570	rna4166	rna4533, rna2508
OG0000571	rna4180	rna3531, rna603
OG0000572	rna2207	rna272, rna1925
OG0000573	rna1511	rna244, rna395
OG0000574	rna5422	rna2020
OG0000575	rna4767	rna4565, rna2263
OG0000576	rna2213	rna5327
OG0000577	rna3178	rna4237, rna2424
OG0000578	rna5703	rna1751
OG0000579	rna4279	rna6168, rna4381
OG0000580	rna243	rna2240
OG0000581	rna5152	rna6797
OG0000582	rna1834	rna1132, rna1537
OG0000583	rna1862	rna1033, rna2759, rna2476
OG0000584	rna3904	rna4276, rna2091
OG0000585	rna1819	rna322, rna2788
OG0000586	rna5626	rna1803
OG0000587	rna5961	rna5008, rna1906
OG0000588	rna5960	rna702, rna2733
OG0000589	rna1859	rna5064, rna2974
OG0000590	rna5010	rna6723
OG0000591	rna733	rna4961
OG0000593	rna2418	rna5292, rna1778
OG0000594	rna3386	rna4725, rna912
OG0000595	rna3383	rna1977
OG0000596	rna780	rna6461, rna5572
OG0000597	rna4059	rna2319
OG0000598	rna1297	rna6416, rna4454
OG0000599	rna3000	rna2404
OG0000600	rna2995	rna2281
OG0000601	rna2302	rna3711, rna1428
OG0000603	rna1094	rna3607
OG0000604	rna3970	rna549, rna2426
OG0000605	rna1111	rna5510
OG0000606	rna3980	rna6527
OG0000607	rna1113	rna2440, rna2970
OG0000608	rna719	rna3832
OG0000609	rna717	rna3775
OG0000610	rna4933	rna6581, rna3831
OG0000611	rna4930	rna6536, rna6851
OG0000612	rna3788	rna5247, rna5548
OG0000613	rna1757	rna4728, rna1088
OG0000614	rna3368	rna4168, rna5521
OG0000615	rna892	rna2504
OG0000616	rna5260	rna3350
OG0000617	rna1334, rna5541	rna4150
OG0000618	rna1921	rna1399, rna2008
OG0000619	rna6276	rna5972, rna4913
OG0000620	rna887	rna3791, rna384
OG0000621	rna3378	rna4978
OG0000622	rna162	rna2888
OG0000623	rna3356	rna2641
OG0000624	rna108	rna4411, rna1313
OG0000625	rna119	rna5865
OG0000626	rna120	rna5344, rna1517
OG0000627	rna3607	rna5913
OG0000628	rna5136	rna571
OG0000629	rna5131	rna2499
OG0000630	rna827	rna5955
OG0000631	rna1019	rna2272, rna3000
OG0000632	rna1744	rna4304, rna1642
OG0000633	rna4759	rna3766
OG0000634	rna2604	rna1615, rna2922
OG0000635	rna2599	rna6276, rna1423
OG0000636	rna2651	rna753
OG0000637	rna6042	rna2702
OG0000638	rna3746	rna4641
OG0000639	rna6093	rna5742
OG0000640	rna1874	rna542, rna1685
OG0000641	rna1872	rna6720, rna6784
OG0000642	rna4818	rna3287
OG0000643	rna3703	rna5897, rna4799
OG0000644	rna2738	rna3345
OG0000646	rna5826	rna6465
OG0000647	rna3875	rna5830, rna6166
OG0000648	rna1217	rna6606
OG0000649	rna5447	rna3424, rna4064
OG0000650	rna222	rna562, rna1000
OG0000651	rna5910	rna3398
OG0000652	rna5907	rna6648, rna315
OG0000653	rna160	rna5514, rna198
OG0000654	rna1696	rna671
OG0000656	rna5268	rna3732, rna1966
OG0000657	rna419	rna5975, rna4830
OG0000658	rna407	rna1303, rna3087
OG0000659	rna5781	rna5931, rna3389
OG0000660	rna5785	rna6717, rna2184
OG0000661	rna5982	rna3284, rna1067
OG0000662	rna5617	rna6832
OG0000665	rna2506	rna5908
OG0000666	rna3362	rna1904, rna2202
OG0000667	rna473	rna263, rna2958
OG0000669	rna5370	rna6051, rna2164
OG0000670	rna5371	rna4309, rna5163, rna2166
OG0000671	rna237	rna5623
OG0000672	rna903	rna6338, rna5134
OG0000673	rna3888	rna1222, rna1718
OG0000674	rna2017	rna288
OG0000675	rna2160	rna5364, rna1507
OG0000676	rna1607	rna6580
OG0000677	rna1049	rna5278, rna869
OG0000678	rna3168	rna2139
OG0000679	rna2406	rna4703, rna2065
OG0000680	rna5461	rna4748, rna1171
OG0000681	rna5473	rna1032
OG0000682	rna5479	rna964, rna2739
OG0000683	rna5484	rna6009
OG0000684	rna3735	rna3812, rna368
OG0000685	rna3797	rna404
OG0000686	rna1056	rna3695, rna5297
OG0000687	rna1075	rna2613
OG0000688	rna1081	rna3162, rna1582
OG0000689	rna5590	rna5736
OG0000690	rna2222	rna2904
OG0000691	rna2681	rna4178, rna154
OG0000692	rna2045	rna3184, rna3489
OG0000693	rna5762	rna3064
OG0000694	rna5032	rna3394, rna482
OG0000696	rna3616	rna5744
OG0000697	rna3620	rna6041, rna659
OG0000698	rna3567	rna3487, rna2039
OG0000699	rna2944	rna6908
OG0000700	rna2961	rna5460
OG0000701	rna2965	rna6270, rna1123
OG0000702	rna2716	rna6570, rna465
OG0000704	rna1835	rna3780, rna6556, rna2228
OG0000711	rna2358	rna5326
OG0000712	rna3186	rna677
OG0000713	rna2834	rna6612
OG0000714	rna2836	rna2694
OG0000715	rna1960	rna981
OG0000716	rna1932	rna182
OG0000717	rna1961	rna3802
OG0000718	rna1962	rna5531
OG0000719	rna1963	rna957
OG0000720	rna1964	rna1318
OG0000721	rna1965	rna4218
OG0000722	rna1966	rna3835
OG0000723	rna1967	rna3786
OG0000724	rna1968	rna3836
OG0000725	rna1970	rna4888
OG0000726	rna1928	rna3202
OG0000727	rna1971	rna5952
OG0000728	rna1973	rna6348
OG0000729	rna1927	rna1375
OG0000730	rna1925	rna1858
OG0000732	rna1626	rna3875
OG0000733	rna1977	rna6190
OG0000734	rna1625	rna2451
OG0000735	rna1982	rna119
OG0000736	rna1617	rna4398
OG0000737	rna1985	rna6767
OG0000738	rna1987	rna4067
OG0000739	rna1991	rna5841
OG0000740	rna4457	rna4191
OG0000741	rna4459	rna1214
OG0000742	rna1373	rna5525
OG0000743	rna1517	rna5444
OG0000744	rna1518	rna3474
OG0000745	rna1371	rna5286
OG0000746	rna1520	rna6004
OG0000747	rna1368	rna2856
OG0000748	rna1366	rna680
OG0000749	rna1364	rna6920
OG0000750	rna5572	rna2423
OG0000751	rna1363	rna1812
OG0000752	rna5575	rna4106
OG0000753	rna5570	rna4862
OG0000754	rna4209	rna1872
OG0000756	rna2253	rna5811
OG0000757	rna4212	rna6043
OG0000759	rna4213	rna5417
OG0000760	rna2263	rna5036
OG0000761	rna6097	rna4561
OG0000762	rna6099	rna232
OG0000763	rna2037	rna6162
OG0000764	rna2039	rna3233
OG0000765	rna750	rna6136
OG0000766	rna749	rna224
OG0000767	rna20	rna5743
OG0000768	rna5775	rna2403
OG0000769	rna22	rna6233
OG0000770	rna23	rna4190
OG0000771	rna24	rna4718
OG0000772	rna5773	rna4835
OG0000773	rna25	rna2156
OG0000774	rna5772	rna5024
OG0000775	rna5284	rna2414
OG0000776	rna5738	rna552
OG0000777	rna44	rna5120
OG0000778	rna46	rna524
OG0000779	rna1160	rna4410
OG0000780	rna4087	rna1053
OG0000781	rna1159	rna2045
OG0000782	rna4147	rna6837
OG0000784	rna2359	rna5721
OG0000785	rna2157	rna692
OG0000786	rna2184	rna5545
OG0000787	rna2185	rna4568
OG0000788	rna2186	rna2596
OG0000789	rna2187	rna1146
OG0000790	rna206	rna5240
OG0000791	rna2194	rna1950
OG0000792	rna2193	rna3632
OG0000793	rna2192	rna2690
OG0000794	rna2477	rna2189
OG0000795	rna2476	rna4477, rna2774
OG0000796	rna2756	rna4600
OG0000797	rna2755	rna440
OG0000798	rna2753	rna2965
OG0000799	rna2751	rna742
OG0000800	rna2750	rna1477
OG0000801	rna2749	rna5139
OG0000802	rna2470	rna4842
OG0000803	rna2469	rna3334
OG0000804	rna3709	rna2572
OG0000805	rna3710	rna1731
OG0000806	rna3711	rna424
OG0000807	rna3116	rna3685
OG0000808	rna3114	rna797
OG0000809	rna2508	rna5749
OG0000810	rna3718	rna5946
OG0000811	rna3719	rna5559
OG0000813	rna3721	rna845
OG0000814	rna3076	rna3874
OG0000815	rna3078	rna814
OG0000816	rna3079	rna4098
OG0000817	rna3476	rna5899
OG0000818	rna3477	rna1581
OG0000820	rna3479	rna6764
OG0000821	rna3482	rna1107
OG0000822	rna3089	rna741
OG0000823	rna3090	rna2652
OG0000824	rna3484	rna5113
OG0000825	rna1291	rna3910
OG0000826	rna5444	rna6287
OG0000827	rna1429	rna6642
OG0000828	rna5291	rna1748
OG0000830	rna5497	rna6325
OG0000831	rna3744	rna4325
OG0000832	rna5494	rna4530
OG0000833	rna3743	rna1058
OG0000834	rna3741	rna6063
OG0000835	rna5492	rna6163
OG0000836	rna5491	rna2076
OG0000837	rna3739	rna1551
OG0000838	rna5486	rna3546
OG0000839	rna3316	rna5702
OG0000840	rna1902	rna5934
OG0000841	rna593	rna2804
OG0000842	rna73	rna1393
OG0000843	rna2199	rna1515
OG0000844	rna75	rna4712
OG0000845	rna2757	rna4537
OG0000846	rna2760	rna4291
OG0000847	rna2767	rna6151
OG0000848	rna2483	rna4621
OG0000849	rna2773	rna830
OG0000850	rna2774	rna4277
OG0000851	rna2775	rna5300
OG0000852	rna4785	rna2415
OG0000853	rna2485	rna1394
OG0000854	rna2486	rna887
OG0000855	rna2488	rna3883
OG0000856	rna2490	rna979
OG0000857	rna2491	rna973
OG0000858	rna4791	rna6391
OG0000859	rna4793	rna4274
OG0000861	rna4797	rna2981
OG0000862	rna4811	rna1811
OG0000863	rna4810	rna6561
OG0000864	rna1790	rna787
OG0000865	rna1791	rna4762
OG0000866	rna265	rna6585
OG0000867	rna963	rna2846
OG0000868	rna5396	rna1444
OG0000869	rna1883	rna4956
OG0000870	rna5391	rna5343
OG0000871	rna1881	rna4261
OG0000872	rna5389	rna4949
OG0000873	rna5388	rna3290
OG0000874	rna609	rna4349
OG0000875	rna617	rna436
OG0000876	rna1562	rna3440
OG0000877	rna1561	rna4286
OG0000878	rna627	rna3376
OG0000879	rna1556	rna1733
OG0000880	rna623	rna3203
OG0000881	rna5002	rna3971
OG0000882	rna5000	rna3962
OG0000883	rna5013	rna377
OG0000884	rna5015	rna5871
OG0000885	rna5016	rna5208
OG0000886	rna5017	rna5513
OG0000888	rna3273	rna2138
OG0000889	rna2083	rna4396
OG0000890	rna1610	rna1868
OG0000891	rna1992	rna4571
OG0000892	rna1380	rna5465
OG0000893	rna1383	rna4109
OG0000894	rna4455	rna586
OG0000895	rna1384	rna3529
OG0000896	rna1385	rna2460
OG0000897	rna4451	rna1240
OG0000898	rna1386	rna2130
OG0000899	rna4450	rna991
OG0000900	rna5266	rna4713
OG0000902	rna4444	rna5958
OG0000903	rna4443	rna2275
OG0000904	rna1399	rna6112
OG0000905	rna1400	rna5562
OG0000906	rna1403	rna3594
OG0000907	rna4435	rna2322
OG0000908	rna1405	rna3198
OG0000909	rna1406	rna2055
OG0000910	rna5870	rna2687
OG0000911	rna5875	rna3237
OG0000913	rna5877	rna6226
OG0000914	rna5878	rna868
OG0000915	rna5879	rna5450
OG0000916	rna2072	rna1081
OG0000917	rna2073	rna4084
OG0000918	rna2074	rna4268
OG0000919	rna5880	rna6757, rna5119
OG0000920	rna5881	rna5734
OG0000921	rna5882	rna5735
OG0000922	rna2138	rna3923
OG0000923	rna5886	rna2971
OG0000924	rna3465	rna2617
OG0000925	rna4277	rna5361
OG0000926	rna3470	rna2591
OG0000927	rna3473	rna2187
OG0000928	rna4272	rna4370
OG0000929	rna3474	rna1436
OG0000930	rna4268	rna5942
OG0000931	rna4267	rna5944
OG0000932	rna868	rna863
OG0000933	rna4259	rna2463
OG0000934	rna874	rna2473
OG0000936	rna4256	rna5424
OG0000937	rna4255	rna4771
OG0000938	rna877	rna6181
OG0000939	rna6278	rna1689
OG0000940	rna6280	rna2698
OG0000941	rna6284	rna6809
OG0000942	rna6285	rna1843
OG0000943	rna6286	rna5697
OG0000944	rna2792	rna2276
OG0000945	rna3412	rna4855
OG0000946	rna3410	rna732
OG0000947	rna2789	rna2211
OG0000948	rna3409	rna3698
OG0000949	rna3408	rna5243
OG0000950	rna3406	rna5330
OG0000951	rna2788	rna2538
OG0000952	rna3405	rna666
OG0000953	rna3404	rna5299
OG0000954	rna3400	rna1191
OG0000955	rna3399	rna6265
OG0000956	rna2781	rna1063
OG0000957	rna2780	rna4960
OG0000958	rna3398	rna1856
OG0000959	rna4377	rna576
OG0000960	rna3028	rna2363
OG0000961	rna3396	rna1932
OG0000962	rna4379	rna4456
OG0000963	rna3392	rna5791
OG0000964	rna4307	rna1979
OG0000965	rna4390	rna648
OG0000966	rna4391	rna4907
OG0000967	rna4399	rna5122
OG0000968	rna4300	rna5889
OG0000969	rna4299	rna4137
OG0000970	rna4401	rna6243
OG0000972	rna4295	rna3754
OG0000973	rna5566	rna470
OG0000974	rna1361	rna230
OG0000975	rna4206	rna1972
OG0000976	rna2245	rna3562
OG0000977	rna4204	rna2607
OG0000978	rna2238	rna485
OG0000979	rna4197	rna6679
OG0000980	rna4196	rna4841
OG0000981	rna4194	rna6021
OG0000982	rna2227	rna6077
OG0000983	rna3455	rna5808
OG0000984	rna3325	rna4675
OG0000985	rna958	rna1686
OG0000986	rna257	rna3704
OG0000987	rna956	rna5906
OG0000988	rna952	rna4238
OG0000989	rna247	rna5546
OG0000990	rna3486	rna6576
OG0000991	rna3488	rna3461
OG0000992	rna3102	rna1138
OG0000993	rna3103	rna6476
OG0000994	rna635	rna4153
OG0000995	rna5312	rna317
OG0000996	rna1437	rna5279
OG0000998	rna2273	rna5268
OG0000999	rna2271	rna737
OG0001000	rna4719	rna5960
OG0001001	rna4718	rna995
OG0001002	rna4717	rna1198
OG0001003	rna6149	rna6867
OG0001004	rna6148	rna1262
OG0001005	rna6147	rna1952
OG0001006	rna6144	rna3838
OG0001007	rna4753	rna6878
OG0001008	rna5356	rna5772
OG0001010	rna345	rna739
OG0001011	rna6167	rna6089
OG0001012	rna6164	rna3556
OG0001013	rna6160	rna2175
OG0001014	rna336	rna5283
OG0001015	rna334	rna3649
OG0001016	rna6155	rna4498
OG0001017	rna333	rna579
OG0001019	rna382	rna4240
OG0001020	rna375	rna1980
OG0001021	rna1432	rna1430
OG0001022	rna1270	rna5543
OG0001023	rna2653	rna1266
OG0001024	rna1271	rna977
OG0001026	rna4686	rna5362
OG0001027	rna5839	rna5128
OG0001029	rna5914	rna5026
OG0001030	rna6258	rna4111
OG0001031	rna4314	rna1910
OG0001032	rna6261	rna1395
OG0001033	rna6262	rna1273
OG0001034	rna6263	rna5234
OG0001035	rna6264	rna588
OG0001036	rna6232	rna5312
OG0001037	rna2336	rna5468
OG0001038	rna6230	rna282
OG0001039	rna6229	rna946, rna1916
OG0001040	rna6227	rna1207
OG0001041	rna6222	rna1860
OG0001042	rna6221	rna1842
OG0001043	rna6218	rna4451
OG0001044	rna6216	rna6000
OG0001045	rna6215	rna3250
OG0001046	rna6212	rna1196
OG0001047	rna2326	rna2351
OG0001048	rna2325	rna1746
OG0001049	rna2324	rna3938
OG0001050	rna475	rna1260
OG0001051	rna1595	rna1234
OG0001052	rna3004	rna5039
OG0001053	rna1591	rna668
OG0001054	rna1590	rna225
OG0001055	rna3003	rna1352
OG0001056	rna5384	rna3595
OG0001058	rna322	rna3516
OG0001059	rna320	rna3361
OG0001060	rna6140	rna4819
OG0001061	rna6139	rna1470
OG0001062	rna6137	rna5813
OG0001063	rna312	rna3956
OG0001064	rna178	rna890
OG0001065	rna3518	rna357
OG0001066	rna4594	rna291
OG0001067	rna4586	rna5538
OG0001068	rna3532	rna5677
OG0001069	rna4580	rna5236
OG0001070	rna5710	rna4269
OG0001071	rna4722	rna1452
OG0001072	rna4219	rna6044
OG0001073	rna4217	rna5463
OG0001074	rna3658	rna3617
OG0001075	rna3657	rna1099
OG0001076	rna3654	rna907
OG0001077	rna3648	rna2551
OG0001078	rna2566	rna3696
OG0001079	rna2564	rna1716
OG0001080	rna3646	rna4102
OG0001081	rna3560	rna5750
OG0001083	rna4558	rna3381
OG0001084	rna3327	rna1583
OG0001085	rna3329	rna5276
OG0001086	rna3331	rna700
OG0001087	rna3332	rna203
OG0001088	rna3336	rna6800
OG0001089	rna3337	rna2574
OG0001090	rna3338	rna3528
OG0001091	rna3448	rna4316
OG0001092	rna3339	rna3687
OG0001093	rna3445	rna4580
OG0001094	rna3444	rna5293
OG0001096	rna3342	rna5536
OG0001097	rna3442	rna5574
OG0001098	rna3440	rna5109
OG0001100	rna535	rna2350
OG0001101	rna536	rna4587
OG0001102	rna539	rna2889
OG0001103	rna544	rna501
OG0001104	rna545	rna6804
OG0001106	rna1479	rna6637
OG0001107	rna1481	rna5033
OG0001108	rna1476	rna3480
OG0001109	rna552	rna1415
OG0001110	rna558	rna460
OG0001111	rna1460	rna4230
OG0001113	rna4041	rna4666
OG0001114	rna4044	rna1226
OG0001115	rna4882	rna2088
OG0001116	rna4885	rna5419
OG0001117	rna647	rna1446
OG0001118	rna4886	rna5540
OG0001119	rna4887	rna1610
OG0001120	rna5569	rna4622
OG0001121	rna4888	rna3612
OG0001122	rna4889	rna574
OG0001123	rna2256	rna4224
OG0001124	rna2257	rna6003
OG0001125	rna2258	rna5527
OG0001126	rna2064	rna2875
OG0001127	rna2075	rna5919
OG0001128	rna4897	rna4959
OG0001129	rna4898	rna4952
OG0001130	rna4899	rna3630
OG0001131	rna4901	rna3723
OG0001132	rna2479	rna3667
OG0001133	rna4904	rna3691
OG0001134	rna4907	rna6024
OG0001135	rna4908	rna6760
OG0001136	rna4909	rna528
OG0001137	rna4910	rna2112
OG0001138	rna4912	rna2200
OG0001139	rna4913	rna2453
OG0001140	rna4915	rna3658
OG0001141	rna4916	rna4294
OG0001142	rna3058	rna6665
OG0001143	rna3059	rna646
OG0001144	rna3061	rna4747
OG0001145	rna639	rna5487
OG0001146	rna638	rna4989
OG0001147	rna3066	rna4362
OG0001148	rna1436	rna6448
OG0001149	rna5313	rna6449
OG0001150	rna1434	rna4665
OG0001151	rna5316	rna1351
OG0001152	rna5346	rna229
OG0001153	rna5347	rna3816
OG0001154	rna5348	rna6245
OG0001155	rna5350	rna3359
OG0001156	rna80	rna3744
OG0001157	rna79	rna3442
OG0001158	rna235	rna2203
OG0001159	rna924	rna3620
OG0001160	rna2285	rna340
OG0001161	rna5335	rna1796
OG0001162	rna4134	rna6877
OG0001163	rna4135	rna2016
OG0001165	rna4137	rna5104
OG0001166	rna4138	rna3848
OG0001167	rna4140	rna1598
OG0001168	rna5596	rna2708
OG0001169	rna5599	rna2127
OG0001170	rna4146	rna2749
OG0001172	rna5607	rna5275
OG0001173	rna2149	rna2578
OG0001174	rna436	rna2978
OG0001175	rna2148	rna6352
OG0001176	rna440	rna1212
OG0001177	rna2076	rna5921
OG0001178	rna4422	rna3792
OG0001179	rna5403	rna4977
OG0001180	rna5404	rna3935
OG0001181	rna4472	rna479
OG0001182	rna5406	rna194
OG0001183	rna4471	rna1929
OG0001184	rna5407	rna3988
OG0001185	rna5408	rna6091
OG0001186	rna4469	rna1282
OG0001187	rna5410	rna4770
OG0001188	rna5411	rna786
OG0001189	rna4781	rna6756
OG0001190	rna4784	rna6295
OG0001192	rna4337	rna3684
OG0001193	rna2776	rna4803
OG0001194	rna5561	rna2386
OG0001195	rna5563	rna5350
OG0001196	rna1351	rna1453
OG0001197	rna5564	rna433
OG0001198	rna1355	rna1162
OG0001199	rna1360	rna1618
OG0001200	rna5701	rna1443
OG0001201	rna5697	rna515
OG0001202	rna5696	rna4784
OG0001203	rna5693	rna1671
OG0001204	rna5689	rna449
OG0001205	rna5688	rna920
OG0001206	rna5686	rna2792
OG0001207	rna5684	rna2015
OG0001208	rna4698	rna112
OG0001209	rna5683	rna1957
OG0001210	rna1670	rna2550
OG0001212	rna1663	rna2478
OG0001213	rna2924	rna5759
OG0001214	rna2927	rna4100
OG0001215	rna2928	rna3467
OG0001216	rna2930	rna1299
OG0001217	rna1659	rna1252
OG0001218	rna1658	rna441
OG0001220	rna1654	rna3187
OG0001221	rna1650	rna5121
OG0001222	rna2942	rna1464
OG0001223	rna2943	rna1288
OG0001224	rna5192	rna5191
OG0001225	rna5191	rna3234
OG0001226	rna5187	rna4818
OG0001227	rna666	rna581
OG0001229	rna664	rna3694
OG0001230	rna662	rna4434
OG0001231	rna660	rna5018
OG0001232	rna655	rna2475
OG0001233	rna5180	rna4567
OG0001234	rna653	rna6918
OG0001235	rna5179	rna5733
OG0001236	rna2916	rna4423
OG0001237	rna1676	rna1893
OG0001238	rna2917	rna4984
OG0001240	rna5676	rna2595
OG0001241	rna5675	rna5855
OG0001242	rna5920	rna4523
OG0001243	rna5674	rna2983
OG0001244	rna5671	rna5847
OG0001245	rna5922	rna2316
OG0001246	rna5923	rna4467
OG0001247	rna5668	rna4455
OG0001248	rna5925	rna1758
OG0001249	rna5665	rna6248
OG0001250	rna5664	rna1321
OG0001251	rna5663	rna1902
OG0001252	rna1253	rna1521
OG0001253	rna2639	rna5043
OG0001254	rna2638	rna1003
OG0001255	rna1248	rna3721
OG0001256	rna1246	rna944
OG0001257	rna1245	rna6834
OG0001258	rna1244	rna5123
OG0001259	rna2613	rna4422
OG0001260	rna2614	rna3722
OG0001261	rna2615	rna5267
OG0001262	rna2617	rna5693
OG0001263	rna1239	rna5352
OG0001264	rna1238	rna2294
OG0001265	rna1237	rna3673
OG0001266	rna1231	rna4462
OG0001267	rna1232	rna3759
OG0001269	rna3843	rna5217
OG0001270	rna3232	rna5148
OG0001271	rna1228	rna5675
OG0001273	rna5325	rna258
OG0001274	rna363	rna4635
OG0001275	rna362	rna213
OG0001276	rna5071	rna6154
OG0001277	rna5070	rna2256
OG0001278	rna5069	rna4413
OG0001279	rna2847	rna363
OG0001280	rna2182	rna3313
OG0001281	rna1759	rna2347
OG0001282	rna1026	rna885
OG0001283	rna1029	rna627
OG0001284	rna1763	rna1297
OG0001285	rna1032	rna417
OG0001286	rna1033	rna4139
OG0001287	rna2436	rna178
OG0001288	rna4881	rna5508
OG0001289	rna1445	rna6919
OG0001290	rna1444	rna5898
OG0001291	rna5306	rna2387
OG0001292	rna1442	rna4858
OG0001293	rna4507	rna4998
OG0001294	rna3601	rna3973
OG0001295	rna3600	rna3524
OG0001296	rna3598	rna1793
OG0001297	rna3597	rna2122
OG0001298	rna4504	rna3260
OG0001299	rna3596	rna5370
OG0001300	rna4503	rna6074
OG0001301	rna3595	rna5795
OG0001302	rna3594	rna5174
OG0001303	rna5282	rna5136
OG0001304	rna26	rna123
OG0001305	rna27	rna1959
OG0001306	rna5770	rna771
OG0001307	rna5767	rna5115
OG0001309	rna5049	rna1913
OG0001310	rna5518	rna1527
OG0001311	rna5511	rna2603
OG0001312	rna5059	rna3970
OG0001313	rna5507	rna3983
OG0001314	rna5506	rna691
OG0001315	rna5064	rna4220
OG0001316	rna5501	rna713
OG0001317	rna5067	rna556
OG0001318	rna4799	rna3945
OG0001319	rna4805	rna6831
OG0001320	rna3534	rna2484
OG0001321	rna4741	rna4478
OG0001322	rna5359	rna4730
OG0001323	rna300	rna4982
OG0001324	rna1261	rna4457
OG0001325	rna3320	rna2715
OG0001326	rna1259	rna1961
OG0001327	rna2644	rna829
OG0001328	rna2643	rna5620
OG0001329	rna2642	rna782
OG0001330	rna1256	rna5306
OG0001331	rna1410	rna4927
OG0001332	rna1413	rna1486
OG0001333	rna1177	rna2208
OG0001334	rna1179	rna921
OG0001335	rna746	rna132
OG0001336	rna745	rna784
OG0001337	rna1181	rna6682
OG0001338	rna744	rna3236
OG0001339	rna1182	rna4090
OG0001340	rna1183	rna3669
OG0001341	rna743	rna2656
OG0001342	rna742	rna791
OG0001343	rna1189	rna3781
OG0001344	rna1190	rna2531
OG0001345	rna6182	rna6557
OG0001346	rna6179	rna1388
OG0001347	rna6178	rna6762, rna832
OG0001348	rna6174	rna4295
OG0001349	rna357	rna3611
OG0001350	rna356	rna3706
OG0001351	rna355	rna4395
OG0001352	rna6173	rna2324
OG0001353	rna5857	rna3948
OG0001354	rna5858	rna1137
OG0001355	rna5859	rna1750
OG0001356	rna5864	rna1491
OG0001357	rna5865	rna5420
OG0001358	rna5867	rna4620
OG0001360	rna4068	rna4687
OG0001361	rna799	rna4433
OG0001362	rna797	rna5472
OG0001363	rna796	rna4820
OG0001364	rna795	rna6671
OG0001365	rna794	rna5013
OG0001366	rna4065	rna1562
OG0001367	rna4064	rna5397
OG0001368	rna2654	rna896
OG0001369	rna2655	rna879
OG0001370	rna4373	rna1035
OG0001371	rna4371	rna4760
OG0001372	rna6257	rna4244
OG0001373	rna2181	rna4135
OG0001374	rna2026	rna6078
OG0001375	rna4161	rna3534
OG0001376	rna4160	rna1707
OG0001377	rna3806	rna1787
OG0001378	rna2549	rna4306
OG0001379	rna6110	rna6105
OG0001380	rna1771	rna840
OG0001381	rna1774	rna6283
OG0001382	rna1042	rna6603
OG0001383	rna1777	rna373
OG0001384	rna1778	rna801
OG0001385	rna1779	rna2920
OG0001386	rna2216	rna3463
OG0001387	rna2215	rna798
OG0001388	rna2211	rna2077
OG0001389	rna2210	rna6770
OG0001390	rna2209	rna3206
OG0001391	rna4178	rna4834
OG0001392	rna2206	rna1098
OG0001393	rna4175	rna2073
OG0001394	rna4174	rna4267
OG0001395	rna69	rna1984
OG0001396	rna2204	rna5469
OG0001397	rna5205	rna222
OG0001398	rna687	rna1591
OG0001399	rna688	rna774
OG0001400	rna1122	rna4810
OG0001401	rna5209	rna5023
OG0001402	rna5212	rna6667
OG0001403	rna5215	rna4152
OG0001405	rna5825	rna4654
OG0001406	rna5823	rna2678
OG0001407	rna1513	rna5949
OG0001408	rna5829	rna6684
OG0001409	rna1507	rna1389
OG0001410	rna5421	rna349
OG0001411	rna5417	rna5476
OG0001412	rna5416	rna346
OG0001413	rna4779	rna1575
OG0001414	rna4777	rna1510
OG0001415	rna4774	rna6833
OG0001416	rna4773	rna2725
OG0001417	rna4770	rna489
OG0001418	rna4348	rna5891
OG0001419	rna4346	rna6237
OG0001420	rna4772	rna1876
OG0001421	rna4353	rna6771
OG0001422	rna4354	rna6088
OG0001423	rna4763	rna2771
OG0001424	rna6107	rna6815
OG0001425	rna6109	rna4545
OG0001426	rna1007	rna2374
OG0001427	rna1006	rna2191
OG0001428	rna1037	rna2821
OG0001429	rna3673	rna1935
OG0001430	rna3672	rna4618
OG0001431	rna3179	rna6268
OG0001432	rna5702	rna1202
OG0001433	rna5565	rna5489
OG0001434	rna4290	rna566
OG0001435	rna4289	rna5184
OG0001436	rna4407	rna2159
OG0001437	rna4288, rna832	rna4392
OG0001438	rna4287	rna6277
OG0001439	rna3457	rna5221
OG0001440	rna3458	rna765
OG0001441	rna4285	rna1797
OG0001442	rna3459	rna1715
OG0001443	rna3461	rna2146
OG0001444	rna4281	rna2461
OG0001445	rna3462	rna4988
OG0001446	rna4278	rna4336
OG0001447	rna2135	rna6236
OG0001448	rna2134	rna2642
OG0001449	rna2132	rna2820
OG0001450	rna5892	rna2661
OG0001451	rna256	rna113
OG0001452	rna2280	rna1269
OG0001453	rna2281	rna2516
OG0001454	rna2283	rna2785
OG0001455	rna4158	rna3370
OG0001457	rna4171	rna2703
OG0001458	rna3804	rna5569
OG0001459	rna2224	rna3869
OG0001460	rna3504	rna962
OG0001461	rna3503	rna1114
OG0001462	rna3502	rna6384
OG0001463	rna5163	rna6686
OG0001464	rna4034	rna2863
OG0001465	rna4035	rna1770
OG0001466	rna580	rna4476
OG0001467	rna581	rna236
OG0001468	rna582	rna237
OG0001469	rna2020	rna396
OG0001470	rna3890	rna2285
OG0001471	rna1831	rna2312
OG0001472	rna3898	rna3762
OG0001473	rna3900	rna4229
OG0001474	rna1822	rna1720
OG0001475	rna3903	rna2731
OG0001476	rna1821	rna2120
OG0001477	rna1820	rna2384
OG0001479	rna5937	rna5296
OG0001481	rna5935	rna463
OG0001482	rna5932	rna2867
OG0001483	rna5661	rna5829
OG0001484	rna1409	rna3890
OG0001485	rna4431	rna3321
OG0001486	rna5782	rna4378
OG0001487	rna3166	rna956
OG0001488	rna5779	rna1480
OG0001489	rna3188	rna3788
OG0001490	rna3189	rna3789
OG0001491	rna5967	rna6302
OG0001492	rna5966	rna2762
OG0001493	rna5627	rna2761
OG0001494	rna5628	rna5071
OG0001495	rna5964	rna4447
OG0001496	rna5633	rna3522
OG0001497	rna5634	rna5280
OG0001498	rna5640	rna1164
OG0001499	rna5641	rna4368
OG0001500	rna5955	rna5840
OG0001501	rna5648	rna5373
OG0001502	rna1860	rna4546
OG0001503	rna1852	rna5880
OG0001504	rna1851	rna1951
OG0001505	rna2722	rna3504
OG0001506	rna4988	rna5800
OG0001507	rna2727	rna4055
OG0001508	rna4983	rna5258
OG0001509	rna2728	rna5056
OG0001510	rna4982	rna4211
OG0001511	rna4979	rna2993
OG0001512	rna4977	rna6705
OG0001513	rna738	rna3760
OG0001514	rna4976	rna5502
OG0001515	rna4974	rna1382
OG0001516	rna4973	rna1275
OG0001517	rna737	rna4525
OG0001518	rna4970	rna1804
OG0001519	rna735	rna6318
OG0001520	rna734	rna503
OG0001521	rna2777	rna3618
OG0001522	rna4672	rna4973
OG0001523	rna5854	rna4181
OG0001524	rna5855	rna1365
OG0001525	rna6172	rna6406
OG0001527	rna351	rna6132
OG0001528	rna4132	rna1570
OG0001529	rna3256	rna3675
OG0001530	rna3237	rna795
OG0001531	rna3236	rna4970
OG0001532	rna3258	rna3564
OG0001533	rna3234	rna2571
OG0001534	rna3279	rna4837
OG0001535	rna3829	rna5108
OG0001536	rna3266	rna1178
OG0001537	rna3828	rna487
OG0001538	rna4649	rna2784
OG0001539	rna842	rna6188
OG0001540	rna841	rna4968
OG0001541	rna840	rna1369
OG0001542	rna4655	rna6597
OG0001543	rna4362	rna6869
OG0001544	rna4363	rna4639
OG0001545	rna4364	rna4640
OG0001546	rna4365	rna4644
OG0001547	rna4367	rna837
OG0001548	rna4331	rna4534
OG0001549	rna4332	rna4755
OG0001550	rna4312	rna381
OG0001551	rna1605	rna4346
OG0001552	rna3389	rna2373
OG0001553	rna1603	rna2643
OG0001554	rna3385	rna2647
OG0001555	rna1602	rna5230
OG0001556	rna1601	rna3506
OG0001557	rna3384	rna1064
OG0001558	rna3372	rna6327
OG0001559	rna1600	rna1402
OG0001560	rna1849	rna996
OG0001561	rna4480	rna6080
OG0001562	rna4488	rna2697
OG0001563	rna1936	rna5486
OG0001564	rna1935	rna6595
OG0001565	rna1954	rna6566
OG0001567	rna1934	rna3538
OG0001568	rna1957	rna6596
OG0001569	rna6045	rna758
OG0001570	rna6046	rna5449
OG0001571	rna6047	rna929
OG0001572	rna6048	rna4643
OG0001573	rna6050	rna988
OG0001574	rna6051	rna6022
OG0001576	rna6061	rna6492
OG0001577	rna6062	rna2539
OG0001578	rna6063	rna5388
OG0001579	rna1194	rna1255
OG0001580	rna1191	rna5365
OG0001581	rna6067	rna911
OG0001582	rna6068	rna5916
OG0001583	rna4055	rna3623
OG0001584	rna4057	rna1918
OG0001585	rna4058	rna2268
OG0001586	rna781	rna1105
OG0001587	rna782	rna6801
OG0001588	rna784	rna767
OG0001589	rna4680	rna4364
OG0001590	rna5849	rna3464
OG0001591	rna5851	rna4995, rna1476
OG0001592	rna2656	rna5809
OG0001593	rna2658	rna2115
OG0001594	rna1276	rna2006
OG0001595	rna1277	rna5197
OG0001596	rna1278	rna6404
OG0001597	rna2661	rna849
OG0001598	rna2998	rna4625
OG0001599	rna1586	rna1334
OG0001600	rna1582	rna1328
OG0001601	rna1581	rna5341
OG0001602	rna6171	rna1967
OG0001603	rna1580	rna6393
OG0001604	rna1577	rna5575
OG0001605	rna2994	rna1241
OG0001606	rna1574	rna6326
OG0001607	rna2986	rna5771
OG0001608	rna5831	rna4183
OG0001609	rna2982	rna3261
OG0001610	rna5830	rna2581
OG0001611	rna5424	rna3828
OG0001612	rna5380	rna5479
OG0001613	rna4475	rna5105
OG0001614	rna6192	rna3348
OG0001615	rna2298	rna4917
OG0001616	rna6196	rna5584
OG0001617	rna2299	rna3523
OG0001618	rna6198	rna3896
OG0001619	rna2303	rna3476
OG0001620	rna6199	rna366
OG0001621	rna2306	rna5976
OG0001622	rna2307	rna2633
OG0001623	rna2308	rna5374
OG0001624	rna2309	rna4843
OG0001625	rna2311	rna5201
OG0001626	rna6204	rna5284
OG0001627	rna476	rna1492
OG0001628	rna3005	rna3742
OG0001629	rna478	rna4103
OG0001630	rna3006	rna2492
OG0001631	rna481	rna6558
OG0001632	rna2973	rna2298
OG0001633	rna1909	rna6424
OG0001634	rna1910	rna4731
OG0001635	rna1913	rna3220
OG0001636	rna1916	rna5555
OG0001637	rna2971	rna1579
OG0001638	rna2970	rna1580
OG0001639	rna2969	rna6574
OG0001640	rna2968	rna4356
OG0001642	rna2346	rna2651
OG0001643	rna3953	rna4232
OG0001644	rna3954	rna3448
OG0001645	rna3955	rna3823
OG0001646	rna1093	rna4924
OG0001647	rna1096	rna6057
OG0001648	rna1100	rna6906
OG0001649	rna1101	rna6736
OG0001650	rna3964	rna26, rna1924
OG0001651	rna1103	rna5135
OG0001652	rna1104	rna6118
OG0001653	rna3967	rna6883
OG0001654	rna1106	rna6428
OG0001655	rna3971	rna2196
OG0001656	rna1107	rna6678
OG0001657	rna3974	rna4070
OG0001658	rna1109	rna4383
OG0001659	rna1110	rna4144
OG0001660	rna3976	rna5892
OG0001661	rna3978	rna1826
OG0001662	rna1118	rna1128
OG0001663	rna1117	rna6427
OG0001664	rna1120	rna319
OG0001665	rna1121	rna3992
OG0001666	rna1126	rna226
OG0001667	rna1128	rna215
OG0001668	rna4027	rna1203
OG0001669	rna1130	rna2212
OG0001670	rna4101	rna4161
OG0001671	rna4100	rna2116
OG0001672	rna4099	rna4624
OG0001673	rna1136	rna2742
OG0001674	rna1137	rna1209
OG0001675	rna4098	rna2988
OG0001676	rna4097	rna1039
OG0001677	rna4096	rna454
OG0001678	rna1139	rna3894
OG0001679	rna1142	rna6027
OG0001680	rna1144	rna6614
OG0001681	rna4094	rna2695
OG0001682	rna1148	rna502
OG0001683	rna4955	rna3604
OG0001684	rna4951	rna4758
OG0001685	rna4946	rna3410
OG0001686	rna4945	rna1345
OG0001687	rna4943	rna1344
OG0001688	rna718	rna205
OG0001689	rna4940	rna2295
OG0001690	rna716	rna4832
OG0001691	rna4939	rna2616
OG0001692	rna4937	rna2336
OG0001693	rna714	rna5939
OG0001694	rna4935	rna1788
OG0001695	rna4934	rna2728
OG0001697	rna4931	rna1349
OG0001698	rna4929	rna4260
OG0001699	rna4927	rna6840
OG0001700	rna4922	rna2809
OG0001701	rna4919	rna799
OG0001702	rna712	rna5475
OG0001703	rna4918	rna3232
OG0001705	rna2533	rna432
OG0001706	rna3787	rna1040
OG0001707	rna2534	rna2646
OG0001708	rna3789	rna3678
OG0001709	rna3793	rna4196
OG0001710	rna3795	rna4149
OG0001712	rna1021	rna1142
OG0001713	rna4237	rna3418
OG0001714	rna4235	rna3209
OG0001715	rna893	rna764
OG0001716	rna849	rna481
OG0001717	rna4637	rna1179
OG0001718	rna4639	rna5823
OG0001719	rna846	rna2026
OG0001720	rna844	rna4657
OG0001721	rna4645	rna554
OG0001722	rna5259	rna2984
OG0001723	rna5261	rna300
OG0001724	rna5262	rna2526
OG0001725	rna5263	rna4182
OG0001726	rna5264	rna3751
OG0001727	rna4830	rna3579
OG0001728	rna4831	rna960
OG0001729	rna5265	rna649
OG0001730	rna4835	rna2568
OG0001731	rna1326	rna816
OG0001732	rna5538	rna1941
OG0001733	rna1327	rna177
OG0001734	rna5539	rna3686
OG0001735	rna5540	rna6765
OG0001736	rna1331	rna5025
OG0001737	rna1333	rna2198
OG0001738	rna1335	rna949
OG0001739	rna5542	rna6311
OG0001741	rna5547	rna401
OG0001742	rna1343	rna5890
OG0001743	rna1345	rna4475
OG0001744	rna1347	rna4404
OG0001745	rna5550	rna3385
OG0001746	rna5554	rna937
OG0001747	rna5555	rna1968
OG0001748	rna1350	rna6383
OG0001749	rna5560	rna3482
OG0001750	rna1423	rna5069
OG0001751	rna2584	rna2080
OG0001752	rna2582	rna2321
OG0001753	rna1420	rna1566
OG0001754	rna1419	rna6675
OG0001755	rna1418	rna4460
OG0001756	rna2580	rna165
OG0001757	rna2579	rna1795
OG0001758	rna1416	rna1877
OG0001759	rna2577	rna323
OG0001760	rna1415	rna4986
OG0001762	rna2349	rna238
OG0001763	rna6240	rna239
OG0001764	rna2959	rna2031
OG0001765	rna1627	rna3679
OG0001766	rna2958	rna1160
OG0001767	rna1630	rna398
OG0001768	rna2953	rna2274
OG0001769	rna1632	rna2132
OG0001770	rna1634	rna5215
OG0001771	rna1635	rna4606
OG0001772	rna2951	rna622
OG0001773	rna1636	rna6018
OG0001774	rna2339	rna261
OG0001776	rna6271	rna5173
OG0001777	rna6272	rna846
OG0001778	rna4319	rna2770
OG0001779	rna4252	rna431
OG0001780	rna879	rna2491
OG0001781	rna881	rna4756
OG0001782	rna4248	rna1608
OG0001783	rna883	rna862
OG0001784	rna4242	rna3582
OG0001785	rna885	rna2450
OG0001786	rna4241	rna5981
OG0001787	rna4240	rna429
OG0001788	rna4239	rna514
OG0001789	rna4238	rna1745
OG0001790	rna888	rna6699
OG0001791	rna3369	rna5038
OG0001792	rna3381	rna1960
OG0001793	rna163	rna3252
OG0001794	rna3379	rna2452
OG0001795	rna3357	rna415
OG0001796	rna3354	rna4594
OG0001797	rna6132	rna306
OG0001798	rna3352	rna4376
OG0001799	rna6131	rna6227
OG0001800	rna6130	rna3657
OG0001801	rna3350	rna1059
OG0001802	rna3349	rna5090
OG0001803	rna6128	rna1462
OG0001804	rna6127	rna872
OG0001805	rna109	rna201
OG0001806	rna111	rna2438
OG0001808	rna6121	rna6914
OG0001809	rna117	rna2921
OG0001810	rna6116	rna4177
OG0001811	rna1716	rna2816
OG0001812	rna121	rna6547
OG0001813	rna123, rna1714	rna5490, rna2493
OG0001814	rna124	rna4357
OG0001815	rna125	rna3462
OG0001816	rna127	rna6292
OG0001817	rna1710	rna3822
OG0001818	rna5272	rna5462
OG0001819	rna5273	rna859
OG0001820	rna4842	rna4847
OG0001821	rna4843	rna792
OG0001822	rna4845	rna2717
OG0001823	rna4848	rna273
OG0001824	rna4850	rna410
OG0001825	rna5277	rna3858
OG0001826	rna4852	rna2769
OG0001827	rna4853	rna6735
OG0001828	rna5281	rna1546
OG0001829	rna3593	rna4062
OG0001830	rna4501	rna705
OG0001831	rna4499	rna5367
OG0001832	rna4497	rna522
OG0001833	rna3606	rna3526
OG0001834	rna4496	rna4180
OG0001835	rna5077	rna1381
OG0001836	rna3033	rna302
OG0001837	rna3632	rna743
OG0001838	rna3628	rna4670
OG0001839	rna5132	rna4414
OG0001840	rna2903	rna1176
OG0001841	rna2902	rna6899
OG0001842	rna5135	rna3548
OG0001843	rna2900	rna5533
OG0001844	rna5137	rna6664
OG0001845	rna2899	rna1666
OG0001846	rna5138	rna2381
OG0001847	rna5139	rna3240
OG0001848	rna5122	rna6075
OG0001849	rna5116	rna6822
OG0001850	rna2896	rna6820
OG0001851	rna2895	rna3333
OG0001852	rna5126	rna3881
OG0001853	rna2907	rna3880
OG0001854	rna2910	rna6223
OG0001856	rna2051	rna1859
OG0001857	rna2053	rna5210
OG0001858	rna2055	rna3006
OG0001859	rna829	rna1090
OG0001860	rna2056	rna6630
OG0001861	rna830	rna3353
OG0001862	rna835	rna5496
OG0001863	rna1424	rna2449
OG0001864	rna5437	rna6257
OG0001865	rna3836	rna2812
OG0001866	rna3835	rna930
OG0001867	rna3269	rna5049
OG0001868	rna3832	rna5850
OG0001869	rna5217	rna3297
OG0001870	rna2417	rna6010
OG0001871	rna2416	rna6187
OG0001872	rna3275	rna3980
OG0001873	rna3365	rna2406
OG0001874	rna3366	rna906
OG0001875	rna1750	rna2455
OG0001876	rna1748	rna4974
OG0001877	rna1016	rna800
OG0001878	rna1013	rna651
OG0001879	rna1745	rna626
OG0001880	rna1743	rna2810
OG0001881	rna190	rna388
OG0001882	rna191	rna1184
OG0001883	rna192	rna5129
OG0001884	rna197	rna2779
OG0001885	rna2179	rna1370
OG0001886	rna2178	rna1817
OG0001887	rna2365	rna4441
OG0001888	rna2364	rna4914
OG0001889	rna2362	rna3324
OG0001890	rna4762	rna5445
OG0001891	rna4758	rna5881
OG0001892	rna4756	rna1763
OG0001893	rna4754	rna4958
OG0001894	rna324	rna5349
OG0001895	rna2603	rna4720
OG0001896	rna2602	rna2388
OG0001897	rna2601	rna4887
OG0001898	rna2600	rna4289
OG0001899	rna3225	rna6687
OG0001900	rna3501	rna2879
OG0001901	rna604	rna3783
OG0001902	rna3944	rna3728
OG0001903	rna3515	rna6096
OG0001904	rna3517	rna3496
OG0001905	rna184	rna3912
OG0001907	rna1005	rna2701
OG0001908	rna1000	rna293
OG0001909	rna2647	rna5100
OG0001910	rna2648	rna3311
OG0001911	rna1264	rna5353
OG0001912	rna2649	rna318
OG0001913	rna2650	rna2226
OG0001914	rna6041	rna5573
OG0001915	rna1431	rna5467
OG0001916	rna1959	rna2901
OG0001917	rna3749	rna5029
OG0001918	rna2844	rna89
OG0001919	rna2845	rna5000
OG0001920	rna2846	rna969
OG0001921	rna3748	rna4318
OG0001922	rna4864	rna5009
OG0001923	rna4865	rna160
OG0001924	rna4869	rna3015
OG0001925	rna4870	rna831
OG0001926	rna897	rna2737
OG0001927	rna5337	rna2552
OG0001928	rna899	rna5751
OG0001929	rna6114	rna866
OG0001930	rna1720	rna6916
OG0001931	rna1721	rna175
OG0001932	rna1722	rna3907
OG0001933	rna3255	rna1823
OG0001934	rna3509	rna1588
OG0001935	rna3508	rna4578
OG0001936	rna3506	rna1070
OG0001937	rna1878	rna297
OG0001938	rna6094	rna2515
OG0001939	rna1875	rna3535
OG0001940	rna1873	rna1358
OG0001941	rna6088	rna3798
OG0001942	rna1870	rna2320
OG0001943	rna1869	rna4419
OG0001944	rna6087	rna2194
OG0001946	rna2062	rna6090
OG0001947	rna2061	rna321
OG0001948	rna3141	rna6486
OG0001949	rna3137	rna1667
OG0001950	rna3135	rna6305
OG0001951	rna3134	rna3819
OG0001952	rna3133	rna1097
OG0001953	rna3132	rna3794
OG0001954	rna3131	rna2369
OG0001955	rna3127	rna411
OG0001956	rna3706	rna611
OG0001958	rna2459	rna6568
OG0001959	rna2455	rna6314
OG0001960	rna2453	rna4846
OG0001961	rna2452	rna624
OG0001962	rna2449	rna2637
OG0001963	rna2732	rna2898
OG0001964	rna2731	rna192
OG0001965	rna2444	rna1506
OG0001966	rna2443	rna1565
OG0001967	rna2441	rna1519
OG0001968	rna2440	rna4852
OG0001969	rna2439	rna4851
OG0001970	rna2435	rna2051
OG0001971	rna2434	rna3375
OG0001972	rna2432	rna4164
OG0001973	rna2431	rna1545
OG0001974	rna2429	rna211
OG0001975	rna2425	rna6900
OG0001976	rna1280	rna3737
OG0001977	rna1283	rna6389
OG0001978	rna1284	rna5010
OG0001979	rna220	rna176
OG0001980	rna219	rna3499
OG0001981	rna218	rna2975
OG0001982	rna940	rna5985
OG0001983	rna939	rna3994
OG0001984	rna213	rna5432
OG0001985	rna945	rna1169
OG0001986	rna223	rna4292
OG0001988	rna227	rna1180
OG0001989	rna930	rna901
OG0001991	rna5333	rna3939
OG0001992	rna5332	rna3247
OG0001993	rna5330	rna2639
OG0001994	rna5072	rna710
OG0001996	rna3635	rna1023
OG0001997	rna3025	rna3885
OG0001998	rna3637	rna4115
OG0001999	rna3639	rna4559
OG0002000	rna3641	rna6028
OG0002001	rna3642	rna1829
OG0002002	rna3643	rna2989
OG0002003	rna3021	rna3390
OG0002004	rna4552	rna5706, rna2131, rna6095
OG0002005	rna3624	rna5792
OG0002006	rna3625	rna2638
OG0002007	rna3626	rna598
OG0002008	rna513	rna1942
OG0002009	rna512	rna311
OG0002010	rna2109	rna447
OG0002011	rna2110	rna408
OG0002012	rna5909	rna3763
OG0002013	rna2111	rna6048
OG0002014	rna2113	rna2533
OG0002015	rna5904	rna2188
OG0002016	rna2118	rna3814
OG0002017	rna2119	rna4942
OG0002018	rna2121	rna4239
OG0002019	rna5901	rna343
OG0002020	rna2124	rna5760
OG0002021	rna5896	rna2594
OG0002022	rna5895	rna2046
OG0002023	rna4053	rna5055
OG0002024	rna4051	rna2964
OG0002025	rna777	rna1848
OG0002026	rna4049	rna1149
OG0002027	rna1680	rna5323
OG0002028	rna1681	rna4421
OG0002029	rna159	rna1312
OG0002030	rna157	rna3887
OG0002031	rna1685	rna6575
OG0002032	rna155	rna1372
OG0002033	rna1686	rna808
OG0002034	rna151	rna2943
OG0002035	rna1691	rna1504
OG0002036	rna139	rna1914
OG0002037	rna137	rna3863
OG0002038	rna136	rna5185
OG0002039	rna134	rna917
OG0002040	rna1703	rna5532
OG0002041	rna132	rna1468
OG0002042	rna1704	rna5455
OG0002043	rna1706	rna4857
OG0002044	rna131	rna2503
OG0002045	rna129	rna6879
OG0002046	rna5269	rna1478
OG0002047	rna4839	rna3911
OG0002048	rna4838	rna467
OG0002049	rna5267	rna6471
OG0002050	rna1317	rna3688
OG0002051	rna5531	rna3801
OG0002052	rna2694	rna2288
OG0002053	rna1311	rna5695
OG0002054	rna1310	rna6153
OG0002055	rna495	rna6332
OG0002056	rna1306	rna5494
OG0002057	rna2689	rna1096
OG0002058	rna5453	rna3235
OG0002059	rna1219	rna1772
OG0002060	rna5455	rna4815
OG0002061	rna5456	rna2505
OG0002062	rna4623	rna4584
OG0002063	rna1534	rna1497
OG0002064	rna1535	rna4800
OG0002065	rna1536	rna3692
OG0002066	rna1541	rna5844
OG0002067	rna1546	rna2763
OG0002068	rna3303	rna4338
OG0002069	rna3302	rna446
OG0002070	rna3301	rna4716
OG0002071	rna1547	rna1125
OG0002072	rna1549	rna4400
OG0002073	rna3297	rna5519
OG0002074	rna3296	rna5093
OG0002075	rna1552	rna5713
OG0002076	rna1553	rna6109
OG0002077	rna5003	rna1242
OG0002079	rna2487	rna5613
OG0002080	rna427	rna762
OG0002081	rna6028	rna3878
OG0002082	rna6026	rna2754
OG0002083	rna5011	rna3192
OG0002084	rna425	rna5203
OG0002085	rna6019	rna4056
OG0002086	rna6016	rna6255
OG0002087	rna415	rna5313
OG0002088	rna412	rna4932
OG0002089	rna6012, rna409	rna4265, rna266
OG0002090	rna6010	rna5696
OG0002091	rna6009	rna2003
OG0002092	rna6008	rna3016
OG0002093	rna6007	rna2841
OG0002094	rna6002	rna3886
OG0002095	rna6000	rna3793
OG0002096	rna5999	rna2007
OG0002097	rna398	rna3446
OG0002098	rna5997	rna3727
OG0002099	rna5995	rna6737
OG0002100	rna5994	rna3979
OG0002101	rna5991	rna6395
OG0002102	rna396	rna90
OG0002103	rna5989	rna5818
OG0002104	rna394	rna6029
OG0002105	rna392	rna3761
OG0002106	rna391	rna4326
OG0002107	rna5986	rna5920
OG0002108	rna389	rna6260
OG0002109	rna3031	rna2258
OG0002110	rna387	rna6874
OG0002111	rna5614	rna3991
OG0002112	rna5978	rna1869
OG0002113	rna5616	rna3872
OG0002114	rna5618	rna2631
OG0002115	rna5976	rna3336
OG0002116	rna5619	rna5416
OG0002117	rna5624	rna1251
OG0002118	rna5623	rna2022
OG0002119	rna5972	rna778
OG0002120	rna3211	rna5298
OG0002121	rna3206	rna1256
OG0002122	rna3205	rna5404
OG0002123	rna3200	rna1133
OG0002124	rna3199	rna1341
OG0002125	rna493	rna5339
OG0002126	rna492	rna6282
OG0002127	rna3197	rna101
OG0002128	rna491	rna6269
OG0002129	rna490	rna6560
OG0002130	rna3195	rna3294
OG0002131	rna502	rna938
OG0002132	rna3191	rna4257
OG0002133	rna505	rna785
OG0002134	rna486	rna1965
OG0002135	rna482	rna4754
OG0002136	rna3216	rna3888
OG0002137	rna5752	rna5358
OG0002138	rna35	rna3735
OG0002139	rna5748	rna3505
OG0002140	rna5747	rna1186
OG0002141	rna37	rna6799
OG0002142	rna38	rna6413
OG0002143	rna5745	rna2939
OG0002144	rna5319	rna4435
OG0002146	rna4576	rna4585
OG0002147	rna3539	rna2441
OG0002149	rna4806	rna1439
OG0002150	rna2504	rna2304
OG0002151	rna2507	rna4864
OG0002152	rna3376	rna5386
OG0002153	rna5089	rna3702
OG0002154	rna5090	rna3013
OG0002155	rna5091	rna3249
OG0002156	rna5092	rna5180
OG0002157	rna5093	rna4531
OG0002158	rna2872	rna572
OG0002159	rna2874	rna3924
OG0002160	rna2875	rna2422
OG0002161	rna5101	rna3387
OG0002162	rna2880	rna2162
OG0002163	rna2882	rna1130
OG0002164	rna5106	rna5720
OG0002165	rna5110	rna5864
OG0002166	rna2887	rna3871
OG0002167	rna2888	rna5020
OG0002168	rna5114	rna4919
OG0002169	rna5119	rna5162
OG0002170	rna2893	rna4359
OG0002171	rna5118	rna2222
OG0002172	rna273	rna4605
OG0002173	rna970	rna1155
OG0002174	rna967	rna298
OG0002175	rna966	rna2210
OG0002176	rna2865	rna4171
OG0002177	rna2862	rna2157
OG0002178	rna2861	rna4721
OG0002179	rna5081	rna5786
OG0002180	rna5080	rna1243
OG0002181	rna5079	rna6672
OG0002182	rna3608	rna4983
OG0002185	rna800	rna3503
OG0002186	rna4071	rna883
OG0002187	rna802	rna3323
OG0002188	rna804	rna4856
OG0002189	rna4072	rna2747
OG0002190	rna755	rna3876
OG0002191	rna757	rna4778
OG0002192	rna760	rna1174
OG0002193	rna810	rna733
OG0002194	rna764	rna905
OG0002195	rna766	rna1401
OG0002196	rna814	rna2012
OG0002198	rna821	rna727
OG0002199	rna771	rna3590
OG0002200	rna823	rna2265
OG0002201	rna2914	rna4963
OG0002202	rna650	rna1866
OG0002203	rna649	rna900
OG0002204	rna5177	rna718
OG0002205	rna5176	rna6094
OG0002206	rna5174	rna3717
OG0002207	rna5172	rna5021
OG0002208	rna5171	rna6440
OG0002209	rna5170	rna4052
OG0002210	rna4463	rna4490
OG0002211	rna4695	rna4405
OG0002212	rna4693	rna3856
OG0002213	rna4692	rna775
OG0002214	rna5167	rna4923
OG0002215	rna5166	rna5357
OG0002216	rna5165	rna1383
OG0002217	rna4689	rna1663
OG0002218	rna472	rna5131
OG0002219	rna2106	rna4515
OG0002220	rna471	rna5219
OG0002221	rna2102	rna1587
OG0002222	rna470	rna6680
OG0002223	rna3036	rna4684
OG0002224	rna2101	rna1332
OG0002225	rna467	rna4816
OG0002226	rna5199	rna4203
OG0002227	rna5198	rna6588
OG0002228	rna5197	rna220
OG0002229	rna676	rna1419
OG0002230	rna5196	rna1485
OG0002231	rna5195	rna1532
OG0002232	rna853	rna6598
OG0002233	rna854	rna2002
OG0002234	rna855	rna5883
OG0002235	rna857	rna6098
OG0002236	rna4632	rna4793
OG0002237	rna1220	rna4251
OG0002238	rna5466	rna1871
OG0002239	rna52	rna5752
OG0002240	rna5362	rna1573
OG0002241	rna55	rna2963
OG0002242	rna57	rna729
OG0002243	rna5378	rna4388
OG0002244	rna5377	rna1034
OG0002245	rna5376	rna2906
OG0002246	rna61	rna1120
OG0002247	rna62	rna3383
OG0002248	rna5432	rna6402, rna740
OG0002249	rna6191	rna290
OG0002250	rna6189	rna6328
OG0002251	rna6188	rna2029
OG0002252	rna6187	rna1435
OG0002253	rna2290	rna2371
OG0002254	rna6184	rna4068
OG0002255	rna4732	rna2676
OG0002256	rna5722	rna926
OG0002257	rna4733	rna3955
OG0002258	rna5724	rna3952
OG0002259	rna5727	rna3815
OG0002260	rna4738	rna4432
OG0002261	rna1840	rna3796
OG0002262	rna3885	rna4375
OG0002263	rna3889	rna5408
OG0002264	rna2016	rna6715
OG0002265	rna2012	rna1785
OG0002266	rna1734	rna1330
OG0002267	rna2164	rna1549
OG0002268	rna4557	rna5395
OG0002269	rna2161	rna1165
OG0002270	rna4115	rna196
OG0002271	rna443	rna4042
OG0002272	rna444	rna4850
OG0002273	rna447	rna5923
OG0002274	rna2078	rna628
OG0002275	rna450	rna898
OG0002276	rna451	rna990
OG0002277	rna2079	rna360
OG0002278	rna2080	rna6739
OG0002279	rna1996	rna5181
OG0002280	rna1997	rna1865
OG0002281	rna2001	rna5495
OG0002282	rna2004	rna5288
OG0002283	rna4428	rna2799
OG0002284	rna685	rna4788
OG0002285	rna683	rna2923
OG0002286	rna682	rna5383
OG0002287	rna680	rna169
OG0002288	rna5201	rna621
OG0002289	rna464	rna545
OG0002290	rna2097	rna2577
OG0002291	rna2096	rna2962
OG0002292	rna461	rna5917
OG0002293	rna460	rna5722
OG0002294	rna459	rna4127
OG0002295	rna2093	rna6700
OG0002296	rna2092	rna3957
OG0002297	rna458	rna4361
OG0002298	rna2091	rna6007
OG0002299	rna456	rna5676
OG0002300	rna2088	rna2121
OG0002301	rna2087	rna547
OG0002302	rna2831	rna4188
OG0002303	rna6070	rna4444
OG0002304	rna1439	rna4753
OG0002305	rna5660	rna5767
OG0002306	rna5941	rna2650
OG0002307	rna5659	rna2540
OG0002308	rna5658	rna4228
OG0002309	rna5944	rna5042
OG0002310	rna5947	rna2675
OG0002311	rna3943	rna1405
OG0002312	rna992	rna6242
OG0002313	rna993	rna6904
OG0002314	rna1052	rna1027
OG0002315	rna1785	rna2885
OG0002316	rna1051	rna2311
OG0002317	rna1048	rna731
OG0002318	rna4106	rna5688
OG0002319	rna5149	rna1454
OG0002320	rna586	rna4358
OG0002321	rna5154	rna4722
OG0002322	rna2010	rna1223
OG0002324	rna2006	rna6126
OG0002325	rna188	rna583, rna2630
OG0002326	rna189	rna3768
OG0002327	rna1742	rna5213
OG0002328	rna597	rna5303
OG0002329	rna3827	rna4495
OG0002330	rna3826	rna5484
OG0002331	rna3263	rna2413
OG0002332	rna3824	rna1060
OG0002333	rna3262	rna1806
OG0002334	rna1164	rna5483
OG0002335	rna1167	rna6171
OG0002336	rna4077	rna6086
OG0002338	rna1172	rna1245
OG0002340	rna1174	rna1244
OG0002341	rna753	rna5853
OG0002342	rna3550	rna1225
OG0002343	rna3546	rna4491
OG0002344	rna4568	rna5544
OG0002345	rna4570	rna6351
OG0002346	rna4571	rna1089
OG0002347	rna3541	rna1353
OG0002348	rna3154	rna3598
OG0002349	rna3679	rna587
OG0002350	rna3680	rna4385
OG0002351	rna3681	rna5726
OG0002352	rna3682	rna6396
OG0002353	rna3157	rna3219
OG0002354	rna3159	rna383
OG0002355	rna3160	rna923
OG0002356	rna3163	rna4071
OG0002357	rna3165	rna347
OG0002358	rna3169	rna2598
OG0002359	rna3170	rna584
OG0002360	rna3173	rna1294
OG0002361	rna3174	rna3342
OG0002362	rna1034	rna4526
OG0002363	rna3246	rna2292
OG0002364	rna2387	rna4141
OG0002365	rna937	rna4836
OG0002366	rna1285	rna2018
OG0002367	rna2668	rna6054
OG0002368	rna2669	rna5589, rna1987
OG0002369	rna2391	rna1688
OG0002370	rna2392	rna2248
OG0002371	rna2394	rna3417
OG0002372	rna2393	rna6385
OG0002373	rna3241	rna5204
OG0002374	rna2400	rna4050
OG0002375	rna3242	rna4663
OG0002376	rna2398	rna3603
OG0002377	rna2404	rna2496
OG0002378	rna2407	rna5941
OG0002379	rna2408	rna6781
OG0002380	rna2409	rna2870
OG0002381	rna3813	rna6034
OG0002382	rna3814	rna516
OG0002383	rna3851	rna604
OG0002384	rna3850	rna1488
OG0002386	rna3816	rna4225
OG0002387	rna3845	rna439
OG0002388	rna3260	rna4705
OG0002389	rna3819	rna614
OG0002390	rna3822	rna3840
OG0002391	rna50	rna5973
OG0002392	rna51	rna670
OG0002393	rna5459	rna4187
OG0002394	rna5467	rna1997
OG0002395	rna3724	rna1509
OG0002396	rna5468	rna6238
OG0002397	rna3725	rna6710
OG0002398	rna3726	rna644
OG0002399	rna3727	rna3680
OG0002400	rna5472	rna3586
OG0002401	rna5480	rna3724
OG0002402	rna5483	rna2498
OG0002403	rna1527	rna1397
OG0002404	rna1528	rna521
OG0002405	rna3313	rna4688
OG0002406	rna1530	rna932
OG0002407	rna4621	rna389
OG0002408	rna4620	rna636
OG0002409	rna4618	rna2559
OG0002410	rna3869	rna6571
OG0002411	rna4612	rna4551
OG0002412	rna4611	rna1026
OG0002413	rna3861	rna99
OG0002414	rna4606	rna4231
OG0002415	rna3855	rna681
OG0002416	rna3854	rna3870
OG0002417	rna3853	rna2027
OG0002418	rna3947	rna1886
OG0002419	rna1086	rna277
OG0002420	rna1085	rna2192
OG0002421	rna3946	rna5238
OG0002422	rna3945	rna5933
OG0002423	rna1008	rna1113
OG0002424	rna3798	rna3566
OG0002425	rna3799	rna6274
OG0002426	rna3800	rna5146
OG0002427	rna2540	rna1280
OG0002428	rna2541	rna5539
OG0002429	rna985	rna5285
OG0002430	rna286	rna6252
OG0002431	rna989	rna530
OG0002432	rna990	rna640
OG0002433	rna282	rna4680
OG0002434	rna980	rna4796
OG0002435	rna279	rna4602
OG0002437	rna275	rna4790
OG0002438	rna994	rna6130
OG0002439	rna291	rna822
OG0002440	rna3912	rna1528
OG0002441	rna3913	rna6266
OG0002442	rna3914	rna3656
OG0002443	rna3916	rna999
OG0002444	rna3918	rna4896
OG0002445	rna1062	rna5252
OG0002446	rna1063	rna984
OG0002447	rna1068	rna5205
OG0002448	rna3925	rna6898
OG0002449	rna3928	rna3750
OG0002450	rna1074	rna5216
OG0002451	rna1076	rna2936
OG0002452	rna3929	rna3718
OG0002453	rna3931	rna2628
OG0002454	rna3933	rna709
OG0002455	rna3935	rna6645
OG0002456	rna4129	rna4922
OG0002457	rna5589	rna5526
OG0002458	rna5588	rna5089
OG0002459	rna4128	rna1539
OG0002460	rna5579	rna116
OG0002461	rna5580	rna5951
OG0002462	rna5581	rna535
OG0002463	rna5582	rna6124
OG0002464	rna5583, rna4121	rna6602, rna2401
OG0002465	rna5584	rna5478
OG0002466	rna1732	rna5193
OG0002467	rna4091	rna5498
OG0002468	rna1149	rna2629
OG0002469	rna4956	rna2053
OG0002471	rna4962	rna2176
OG0002472	rna366	rna2864
OG0002473	rna5322	rna235
OG0002474	rna374	rna580
OG0002475	rna373	rna5260
OG0002476	rna3149	rna5277
OG0002477	rna3687	rna4950
OG0002478	rna3688	rna320
OG0002479	rna3690	rna5224
OG0002480	rna3693	rna5137
OG0002481	rna1289	rna3927
OG0002482	rna2673	rna4965
OG0002483	rna1287	rna1934
OG0002484	rna2672	rna1487
OG0002485	rna2671	rna5272
OG0002486	rna1286	rna2932
OG0002487	rna3494	rna2745
OG0002488	rna2629	rna1569
OG0002489	rna3280	rna5551
OG0002490	rna2421	rna2528
OG0002491	rna2423	rna6165
OG0002492	rna2680	rna3767
OG0002493	rna2167	rna2828
OG0002494	rna2168	rna4519
OG0002495	rna2032	rna980
OG0002496	rna2031	rna6782
OG0002497	rna5339	rna2407
OG0002498	rna901	rna5253
OG0002499	rna2410	rna6310
OG0002500	rna3251	rna6312
OG0002501	rna3252	rna1853
OG0002503	rna4030	rna886
OG0002504	rna4031	rna6747
OG0002506	rna4107	rna2994
OG0002507	rna4108	rna4377
OG0002508	rna2046	rna1017
OG0002511	rna5753	rna4884
OG0002512	rna34	rna620
OG0002513	rna33	rna805
OG0002515	rna5760	rna5398
OG0002516	rna30	rna2147
OG0002517	rna5763	rna5001
OG0002518	rna5045	rna1302
OG0002519	rna5043	rna6905
OG0002520	rna5527	rna2067
OG0002521	rna5040	rna488
OG0002522	rna5530	rna105
OG0002523	rna2696	rna4501
OG0002524	rna5039	rna1181
OG0002525	rna5036	rna1374
OG0002526	rna5035	rna4069
OG0002527	rna2701	rna5866
OG0002528	rna2702	rna1197
OG0002529	rna5031	rna4848
OG0002530	rna5028	rna3843
OG0002531	rna5027	rna4902
OG0002532	rna5023	rna1119
OG0002533	rna5022	rna777
OG0002534	rna244	rna2883
OG0002535	rna246	rna5028
OG0002536	rna910	rna3583
OG0002537	rna909	rna228
OG0002538	rna908	rna875
OG0002539	rna5344	rna6436
OG0002540	rna907	rna6430
OG0002541	rna4731	rna3520
OG0002542	rna5717	rna475
OG0002544	rna4727	rna195
OG0002545	rna5715	rna3961
OG0002546	rna4726	rna2807
OG0002547	rna1841	rna2662
OG0002548	rna1842	rna924
OG0002549	rna3881	rna1769
OG0002550	rna4479	rna3553
OG0002551	rna3612	rna2485
OG0002552	rna2547	rna2513
OG0002553	rna3613	rna3733
OG0002554	rna2551	rna6741
OG0002555	rna2553	rna2772
OG0002556	rna3618	rna6300
OG0002557	rna3619	rna3483
OG0002558	rna2556	rna1964
OG0002559	rna3621	rna6371
OG0002560	rna4555	rna1051
OG0002561	rna4554	rna310, rna442
OG0002562	rna2574	rna518
OG0002563	rna3563	rna1700
OG0002564	rna3564	rna3317
OG0002565	rna3565	rna5870
OG0002566	rna3566	rna3024
OG0002567	rna3570	rna1516
OG0002568	rna4544	rna240
OG0002569	rna4541	rna3291
OG0002570	rna4540	rna746
OG0002571	rna4539	rna3758
OG0002572	rna4538	rna1896
OG0002574	rna3575	rna3661
OG0002575	rna3576	rna161
OG0002576	rna4527	rna4642
OG0002577	rna4515	rna1726
OG0002578	rna4514	rna2803
OG0002579	rna4512	rna268
OG0002580	rna4511	rna4667
OG0002581	rna5309	rna1061
OG0002582	rna1811	rna4944
OG0002583	rna6082	rna3003
OG0002584	rna6077	rna3425
OG0002585	rna6078	rna2740
OG0002586	rna6079	rna1445
OG0002587	rna6080	rna6738
OG0002588	rna675	rna4445
OG0002589	rna2946	rna759
OG0002590	rna1638	rna5200
OG0002591	rna2949	rna5912
OG0002592	rna2960	rna970
OG0002593	rna2713	rna3677
OG0002594	rna6030	rna4957
OG0002595	rna2041	rna6425, rna231
OG0002596	rna1472	rna4343, rna1870
OG0002598	rna4271	rna6060, rna2025
OG0002599	rna4801	rna6408, rna3587
OG0002600	rna3952	rna242
OG0002601	rna2605	rna3137, rna3088
OG0002606	rna2835	rna843
OG0002609	rna2839	rna5411
OG0002619	rna1989	rna4094
OG0002621	rna1519	rna6843
OG0002622	rna1369	rna279, rna362
OG0002626	rna5574	rna4104
OG0002635	rna5776	rna6158
OG0002640	rna2383	rna6466
OG0002642	rna207	rna1949
OG0002662	rna2674	rna1784
OG0002663	rna1202	rna1765
OG0002667	rna5285, rna4855	rna3412, rna5265
OG0002669	rna4860	rna2434
OG0002676	rna3737	rna2186
OG0002677	rna4418	rna5041
OG0002686	rna2592	rna3274
OG0002687	rna2593	rna4711
OG0002688	rna591	rna4463
OG0002689	rna74	rna3223
OG0002695	rna4787	rna2352
OG0002697	rna2493	rna5220
OG0002698	rna2496	rna462
OG0002703	rna1882	rna1830
OG0002704	rna608	rna307
OG0002705	rna613	rna1749
OG0002711	rna1612, rna1993	rna1220
OG0002724	rna1398, rna4441	rna6114, rna3454
OG0002727	rna4432	rna1228
OG0002730	rna2137	rna6758
OG0002736	rna869	rna6184
OG0002738	rna1572	rna3697
OG0002740	rna2791, rna3413	rna4041, rna4947, rna1900
OG0002741	rna3407	rna4911
OG0002746	rna2779	rna6779
OG0002749	rna4382	rna1768
OG0002759	rna2246	rna5571
OG0002762	rna4195	rna1717
OG0002764	rna6101	rna4236
OG0002767	rna3324	rna6893
OG0002775	rna4229	rna4872
OG0002794	rna379	rna1258
OG0002795	rna6038	rna6704
OG0002796	rna376	rna4672
OG0002800	rna202	rna5068
OG0002810	rna1592	rna162
OG0002812	rna3010	rna5102
OG0002815	rna319	rna2549
OG0002817	rna313	rna5147
OG0002819	rna173	rna5081
OG0002820	rna174	rna3892
OG0002821	rna175	rna1498
OG0002822	rna177	rna1773
OG0002828	rna3527	rna1229
OG0002836	rna3330	rna6179
OG0002839	rna3450	rna5167
OG0002842	rna2458	rna3078
OG0002849	rna1466	rna359
OG0002850	rna557	rna902
OG0002851	rna562	rna5233
OG0002852	rna563	rna3610
OG0002853	rna565	rna4928
OG0002854	rna566	rna4329
OG0002855	rna567	rna1151
OG0002856	rna1459	rna4527
OG0002862	rna1598	rna4681
OG0002864	rna645	rna783
OG0002874	rna4917	rna1759
OG0002893	rna2145	rna174
OG0002899	rna1354	rna3820, rna4863
OG0002903	rna4714	rna248
OG0002905	rna4710	rna899
OG0002906	rna4708	rna6601
OG0002907	rna4707	rna2085
OG0002908	rna4704	rna5405
OG0002910	rna4703	rna1502
OG0002911	rna4702	rna5788
OG0002912	rna4701	rna2579
OG0002919	rna2922	rna4916
OG0002923	rna2931	rna1373
OG0002927	rna5190	rna1320
OG0002928	rna668	rna332
OG0002930	rna658	rna2238
OG0002935	rna5672	rna6673
OG0002937	rna5918	rna2525
OG0002938	rna5917	rna3818
OG0002964	rna1769	rna5229
OG0002966	rna1760	rna5570
OG0002969	rna1030	rna4777
OG0002972	rna4876	rna4138
OG0002981	rna29	rna5345
OG0002993	rna5062	rna2457
OG0002994	rna5063	rna2458
OG0002996	rna2499	rna2128
OG0002997	rna2500	rna4833
OG0002998	rna2502	rna2793
OG0003003	rna301	rna2624
OG0003018	rna2287	rna6761
OG0003024	rna1272	rna5363
OG0003025	rna4374, rna4335	rna3245, rna5520
OG0003027	rna2023	rna6388
OG0003031	rna3796	rna3847
OG0003032	rna1038	rna5459
OG0003043	rna3054	rna2497
OG0003046	rna1514	rna4371
OG0003048	rna5419	rna6677
OG0003050	rna5420	rna5957
OG0003062	rna4284	rna679
OG0003070	rna3586	rna148
OG0003072	rna3809	rna6618
OG0003074	rna3791	rna2857
OG0003075	rna2223	rna5372
OG0003076	rna4186	rna1834
OG0003079	rna1894	rna4610
OG0003081	rna579	rna4219
OG0003084	rna1829	rna5340
OG0003108	rna1850	rna5037
OG0003116	rna4981	rna3328
OG0003120	rna3046	rna172
OG0003131	rna4651	rna4757
OG0003134	rna4368	rna6569
OG0003135	rna4333	rna1474
OG0003142	rna4999	rna286
OG0003143	rna4489	rna1384
OG0003146	rna1201	rna5672
OG0003147	rna1200	rna4253
OG0003148	rna1199	rna3905
OG0003151	rna6074	rna3833
OG0003155	rna4676	rna106
OG0003157	rna5847	rna6827
OG0003160	rna2657	rna4749
OG0003161	rna1274	rna4080
OG0003175	rna2987	rna2930
OG0003177	rna5434	rna5956
OG0003178	rna2543	rna976
OG0003182	rna2301	rna355
OG0003188	rna2313	rna5754
OG0003195	rna1911, rna2972	rna3450, rna4085, rna2367
OG0003197	rna1090	rna2049
OG0003204	rna3966	rna2855
OG0003205	rna3969	rna3540
OG0003208	rna3975	rna6825
OG0003214	rna1134	rna3625
OG0003215	rna1135	rna6649
OG0003220	rna725	rna6374
OG0003221	rna4952	rna1824
OG0003228	rna4938	rna2590
OG0003233	rna4920	rna6555
OG0003234	rna3051	rna3021
OG0003239	rna3792	rna6792
OG0003241	rna1758	rna719
OG0003251	rna843	rna5585
OG0003261	rna5537	rna4840
OG0003271	rna6243	rna5034
OG0003274	rna2347	rna3204
OG0003277	rna2954	rna2751
OG0003285	rna6277	rna4630
OG0003288	rna4244	rna4962
OG0003292	rna3371	rna550
OG0003293	rna169	rna2671
OG0003296	rna3377	rna1385
OG0003297	rna3360, rna6134	rna3244, rna3942
OG0003306	rna6115	rna6844
OG0003323	rna3633	rna5994
OG0003325	rna5144	rna1662
OG0003327	rna5145	rna6330
OG0003335	rna5440	rna768
OG0003342	rna6135	rna4786
OG0003348	rna193	rna3821
OG0003352	rna4355	rna891
OG0003355	rna4357	rna2296
OG0003362	rna3499	rna871
OG0003368	rna302	rna4954
OG0003378	rna6089	rna564
OG0003396	rna3287	rna1167
OG0003397	rna3286	rna6839
OG0003398	rna3283	rna5988
OG0003399	rna2682	rna6273
OG0003400	rna1216	rna3889
OG0003401	rna5452	rna5689
OG0003405	rna1203	rna4647
OG0003408	rna1282	rna2390
OG0003412	rna3640	rna1143
OG0003414	rna3644	rna2397
OG0003415	rna4550	rna4701
OG0003416	rna4549	rna76
OG0003417	rna2572	rna5012
OG0003419	rna2112	rna1800
OG0003426	rna778	rna6857
OG0003430	rna1688	rna4506
OG0003431	rna1690	rna6082
OG0003434	rna143	rna1590
OG0003439	rna5534	rna678
OG0003440	rna5533	rna4931
OG0003442	rna2695	rna2692
OG0003452	rna1542	rna1616
OG0003453	rna3306	rna214
OG0003465	rna421	rna1325
OG0003466	rna6014	rna5311
OG0003467	rna6011	rna4595
OG0003469	rna401	rna5154
OG0003477	rna5984	rna5251
OG0003484	rna5983	rna1845
OG0003489	rna5620	rna4391
OG0003491	rna5970	rna5226
OG0003493	rna5622	rna313
OG0003504	rna503	rna4166
OG0003514	rna3150	rna1460, rna1724
OG0003516	rna4807	rna3873
OG0003521	rna2879, rna5102	rna6333
OG0003523	rna5109	rna6301
OG0003529	rna2866	rna2427
OG0003532	rna5083, rna2857	rna3466, rna5050, rna2284
OG0003536	rna805	rna3995
OG0003553	rna677	rna1756
OG0003558	rna5361	rna3653
OG0003560	rna5369	rna1955
OG0003565	rna236	rna5621
OG0003567	rna5726	rna476
OG0003570	rna4737	rna6660
OG0003571	rna1839	rna2680
OG0003572	rna3886	rna507
OG0003586	rna5202	rna1702
OG0003590	rna455	rna6746
OG0003596	rna6075	rna6316
OG0003603	rna296	rna6818
OG0003607	rna585	rna4474
OG0003612	rna596	rna544
OG0003632	rna1768	rna5884, rna2558
OG0003638	rna938	rna6324
OG0003640	rna3271	rna2247
OG0003642	rna2396	rna3853
OG0003651	rna5469	rna3310
OG0003652	rna5471	rna1807
OG0003655	rna5481	rna4272
OG0003667	rna2967	rna2953
OG0003668	rna2372	rna5329
OG0003677	rna1065	rna2255
OG0003684	rna3936	rna2653
OG0003686	rna4126	rna4783
OG0003688	rna4118	rna660
OG0003698	rna3282	rna1301
OG0003707	rna5526	rna2992
OG0003711	rna5029	rna3380
OG0003713	rna5026	rna3901
OG0003714	rna2704	rna2608
OG0003719	rna1843	rna6794
OG0003720	rna1845	rna1786
OG0003736	rna4526	rna4861
OG0003745	rna1642	rna2400
OG0003746	rna1637	rna6376
OG0003750	rna5744	rna6131
OG0003752	rna5885	rna6040
OG0003753	rna3652	rna6286
OG0003754	rna4392	rna1004
OG0003755	rna5751	rna6192, rna5092
OG0003756	rna551	rna2346
OG0003757	rna631	rna4881
OG0003758	rna82	rna4934
OG0003759	rna358	rna4741
OG0003760	rna4871	rna5577
OG0003761	rna293	rna6339, rna4612
OG0003762	rna968	rna3537
OG0003763	rna3147	rna4953
OG0003765	rna1555	rna3777
OG0003766	rna3322	rna1357
OG0003767	rna2050	rna1624
OG0003768	rna4462	rna423
OG0003769	rna6123	rna4980
OG0003770	rna4257	rna6253
OG0003771	rna6108	rna4886
OG0003772	rna2154	rna2335
OG0003775	rna1949	rna5144
OG0003781	rna1986	rna2040
OG0003786	rna2044	rna287
OG0003787	rna5741, rna40	rna1833
OG0003789	rna1152	rna2271
OG0003793	rna3742	rna4335
OG0003795	rna71	rna6600
OG0003798	rna4786	rna4436
OG0003799	rna2494	rna199
OG0003801	rna2498	rna2536
OG0003802	rna2794	rna2044
OG0003804	rna267, rna964	rna1665, rna2602
OG0003811	rna5790	rna3170
OG0003814	rna2084	rna4808
OG0003815	rna1401, rna4439	rna6176, rna5150
OG0003816	rna4262	rna6479
OG0003823	rna251	rna2567
OG0003826	rna633, rna3069	rna4122, rna1915
OG0003829	rna2268	rna6414
OG0003841	rna5373	rna3337
OG0003842	rna176	rna5799
OG0003845	rna3656	rna2658
OG0003851	rna2741	rna3949
OG0003857	rna4706	rna3565
OG0003860	rna1644, rna2939	rna6313, rna2280
OG0003864	rna1025	rna4700
OG0003866	rna5505	rna1540
OG0003881	rna3895	rna629
OG0003897	rna4681, rna5843	rna5910, rna4898
OG0003905	rna4024	rna4248
OG0003916	rna1332	rna5305
OG0003920	rna1421, rna2581	rna6658, rna4678
OG0003923	rna128, rna1711	rna6309, rna1792
OG0003925	rna5117	rna4676
OG0003931	rna201	rna1555
OG0003936	rna185, rna308	rna5861, rna5435
OG0003940	rna2438, rna3878	rna4677, rna2253
OG0003944	rna946	rna1682
OG0003947	rna5908	rna3946
OG0003949	rna154	rna909
OG0003959	rna410, rna6013	rna4524, rna1901
OG0003981	rna1053	rna5434
OG0003983	rna3818	rna5336
OG0003985	rna3492	rna1157
OG0003986	rna3730	rna2378
OG0003997	rna2385	rna4374
OG0004003	rna4553	rna573
OG0004004	rna3572	rna457
OG0004009	rna6081	rna6315
OG0004015	rna515	rna4489
OG0004018	rna326	rna5758
OG0004036	rna4599	rna4662
OG0004054	rna5654	rna761
OG0004069	rna1224	rna3599
OG0004072	rna3579	rna6491, rna6129, rna6487, rna6490
OG0004076	rna3081, rna3475	rna5900, rna4087
OG0004077	rna4856, rna5286	rna5006, rna716
OG0004078	rna4415	rna2254
OG0004084	rna2242, rna4203	rna3969
OG0004085	rna2234	rna2999
OG0004088	rna4720, rna5708	rna3903, rna1690
OG0004090	rna2328, rna6217	rna4742, rna1177
OG0004092	rna2567, rna3651	rna1559
OG0004094	rna3340	rna6828
OG0004097	rna1461	rna301
OG0004099	rna1449, rna4043	rna6616, rna707
OG0004101	rna925	rna4797
OG0004102	rna4144, rna5597	rna4437, rna2724
OG0004104	rna1664, rna2923	rna4342, rna2004
OG0004107	rna5061	rna4871
OG0004115	rna1948	rna87
OG0004116	rna2128, rna5893	rna1912, rna4121, rna942
OG0004117	rna3808	rna5940
OG0004121	rna5951, rna5650	rna5927, rna4465
OG0004128	rna1914	rna4909
OG0004132	rna751	rna2834
OG0004135	rna4846	rna6429
OG0004136	rna5279	rna3340, rna4632
OG0004137	rna3629	rna6156
OG0004140	rna2595, rna3497	rna3400
OG0004150	rna2117	rna6340
OG0004155	rna862, rna4625	rna4125, rna939
OG0004157	rna414	rna1413
OG0004158	rna13	rna1150
OG0004163	rna457	rna2907
OG0004165	rna5656	rna3731
OG0004171	rna4608	rna1815
OG0004172	rna284	rna4776, rna1905
OG0004176	rna2705, rna5024	rna645
OG0004197	rna3549	rna2337
OG0004202	rna149	rna2402
OG0004210	rna2456	rna1292
OG0004218	rna1813	rna33
OG0004219	rna1812	rna34
OG0004220	rna5791	rna3117
OG0004222	rna4716	rna466, rna6451
OG0004225	rna3115	rna304, rna445
OG0004232	rna4614	rna4322, rna919, rna2843
OG0004236	rna1972	rna4955
OG0004238	rna3712, rna3121	rna4278
OG0004239	rna630	rna2201
OG0004241	rna2589, rna1901	rna403
OG0004243	rna1564	rna5291
OG0004244	rna5014	rna5289
OG0004246	rna870, rna4263	rna2797
OG0004247	rna3403	rna104
OG0004248	rna4393	rna4572
OG0004253	rna4914	rna4459
OG0004255	rna4783	rna6814
OG0004258	rna4430	rna6117
OG0004260	rna1039	rna2835, rna2935
OG0004261	rna5225	rna3122
OG0004264	rna3891, rna1833	rna2949
OG0004266	rna2724, rna4990	rna2075
OG0004268	rna4366	rna5376
OG0004271	rna2990	rna578
OG0004275	rna3780	rna2688
OG0004276	rna170	rna5183
OG0004277	rna3380	rna2942
OG0004278	rna161	rna1892
OG0004279	rna1004, rna305	rna3508
OG0004283	rna1315	rna2991
OG0004284	rna863, rna4624	rna940
OG0004285	rna5004	rna6599
OG0004286	rna400, rna6003	rna107, rna1854
OG0004287	rna4073	rna6251
OG0004288	rna2099	rna5982, rna4920
OG0004291	rna3870	rna2506
OG0004292	rna4613	rna1469
OG0004294	rna5323	rna4804
OG0004295	rna2948	rna4486
OG0004305	rna4493	rna2929
OG0004328	rna3977	rna5529
OG0004331	rna5236	rna2866
OG0004334	rna3774	rna4773
OG0004342	rna5653	rna3621
OG0004345	rna1408	rna2912
OG0004346	rna4328	rna1649
OG0004357	rna1929	rna2260
OG0004359	rna70	rna4661
OG0004360	rna4789	rna6247
OG0004365	rna4440	rna4794
OG0004366	rna2067	rna5560
OG0004367	rna5874	rna5232
OG0004369	rna4386	rna6381
OG0004375	rna3655	rna1490
OG0004376	rna4895	rna6587
OG0004378	rna911	rna2664
OG0004380	rna438	rna3486
OG0004381	rna1665	rna1377
OG0004383	rna4509	rna2163
OG0004384	rna5057, rna5512	rna1233
OG0004387	rna2024	rna325
OG0004388	rna4162	rna6472
OG0004389	rna4173	rna884
OG0004390	rna67	rna6546
OG0004393	rna3463	rna6796
OG0004394	rna1832	rna5911
OG0004395	rna3906	rna1057
OG0004396	rna731	rna2034
OG0004397	rna4133	rna2375
OG0004399	rna2659	rna1378
OG0004400	rna1583	rna5239
OG0004401	rna1578	rna5061
OG0004402	rna1573	rna292
OG0004405	rna5536	rna1438
OG0004406	rna1337	rna4093
OG0004407	rna2898	rna4518, rna4596
OG0004409	rna3224	rna1875
OG0004411	rna2451	rna6775, rna108
OG0004413	rna1321	rna2313
OG0004420	rna2884	rna3373
OG0004421	rna759, rna809	rna5690
OG0004422	rna4690	rna3413
OG0004428	rna3264	rna4875
OG0004430	rna1009	rna1529
OG0004432	rna1077	rna4870
OG0004438	rna3057	rna191
OG0004450	rna3839	rna6239
OG0004513	rna3783	rna3371
OG0004518	rna2637	rna4402
OG0004521	rna2538	rna5836
OG0004537	rna3752	rna2154
OG0004543	rna1379	rna2185
OG0004545	rna6282	rna6046
OG0004550	rna335	rna4607
OG0004552	rna6266	rna2209
OG0004565	rna4715	rna5437
OG0004568	rna1252	rna5893
OG0004575	rna5213	rna1522
OG0004584	rna3235	rna6777
OG0004596	rna2583	rna2078
OG0004599	rna880	rna600
OG0004600	rna6120	rna6798
OG0004606	rna2174	rna1087
OG0004610	rna1958	rna1595
OG0004613	rna152	rna4480
OG0004618	rna822	rna6583
OG0004619	rna186	rna6772
OG0004620	rna2832	rna1874
OG0004624	rna3243	rna612
OG0004625	rna2405	rna5843
OG0004640	rna3435	rna5728
OG0004643	rna2170	rna4097
OG0004654	rna4683	rna2719
OG0004655	rna2171	rna537
OG0004658	rna859	rna853
OG0004967	rna1786	rna1888
OG0004982	gene6321	gene6986
OG0005022	rna2616	rna5581
OG0005031	rna5082	rna3851
OG0005037	rna3071	rna6484
OG0005151	gene6314	gene6979
OG0005298	rna588	rna3391
OG0006108	rna583	rna496
